Date,Predicted,Actual
16/07/1973 00:00:00,232,505236229717,219
17/07/1973 00:00:00,239,588754417025,200
18/07/1973 00:00:00,245,910461170489,175
19/07/1973 00:00:00,251,552287057009,159
20/07/1973 00:00:00,256,587351253298,169
21/07/1973 00:00:00,261,08090918484,156
22/07/1973 00:00:00,265,091198249081,139
23/07/1973 00:00:00,268,670192583588,127
24/07/1973 00:00:00,271,86427666113,118
25/07/1973 00:00:00,274,714846441597,109
26/07/1973 00:00:00,277,258845871807,105
27/07/1973 00:00:00,279,529245686349,102
28/07/1973 00:00:00,281,555470714806,100
29/07/1973 00:00:00,283,363781233353,100
30/07/1973 00:00:00,284,977613303121,97
31/07/1973 00:00:00,286,417882506169,95
01/08/1973 00:00:00,287,703255015556,92
02/08/1973 00:00:00,288,85038951263,89
03/08/1973 00:00:00,289,874153086821,88
04/08/1973 00:00:00,290,787813916055,87
05/08/1973 00:00:00,291,603213224959,87
06/08/1973 00:00:00,292,330918749469,84
07/08/1973 00:00:00,292,980361696771,82
08/08/1973 00:00:00,293,559958975606,82
09/08/1973 00:00:00,294,077222281073,80
10/08/1973 00:00:00,294,538855447675,89
11/08/1973 00:00:00,294,950841332339,102
12/08/1973 00:00:00,295,318519353421,106
13/08/1973 00:00:00,295,646654690624,117
14/08/1973 00:00:00,295,939500042665,106
15/08/1973 00:00:00,296,200850743088,97
16/08/1973 00:00:00,296,434093948541,112
17/08/1973 00:00:00,296,642252536988,146
18/08/1973 00:00:00,296,828024284808,159
19/08/1973 00:00:00,296,993816830511,135
20/08/1973 00:00:00,297,1417788782,116
21/08/1973 00:00:00,297,27382804521,106
22/08/1973 00:00:00,297,391675714801,103
23/08/1973 00:00:00,297,496849216023,97
24/08/1973 00:00:00,297,590711618205,90
25/08/1973 00:00:00,297,6744793966,84
26/08/1973 00:00:00,297,749238198145,84
27/08/1973 00:00:00,297,815956911658,81
28/08/1973 00:00:00,297,875500224832,84
29/08/1973 00:00:00,297,928639830754,83
30/08/1973 00:00:00,297,976064429202,80
31/08/1973 00:00:00,298,01838865233,78
01/09/1973 00:00:00,298,05616103042,78
02/09/1973 00:00:00,298,089871100947,80
03/09/1973 00:00:00,298,119955753075,77
04/09/1973 00:00:00,298,146804889832,86
05/09/1973 00:00:00,298,170766481329,89
06/09/1973 00:00:00,298,192151074518,84
07/09/1973 00:00:00,298,211235817948,79
08/09/1973 00:00:00,298,228268053659,78
09/09/1973 00:00:00,298,243468522787,75
10/09/1973 00:00:00,298,257034226411,75
11/09/1973 00:00:00,298,269140978725,77
12/09/1973 00:00:00,298,279945685631,78
13/09/1973 00:00:00,298,28958837826,73
14/09/1973 00:00:00,298,298194027811,71
15/09/1973 00:00:00,298,305874165202,73
16/09/1973 00:00:00,298,312728326528,68
17/09/1973 00:00:00,298,318845343073,63
18/09/1973 00:00:00,298,324304492577,62
19/09/1973 00:00:00,298,329176526696,63
20/09/1973 00:00:00,298,333524587952,66
21/09/1973 00:00:00,298,337405028079,63
22/09/1973 00:00:00,298,340868138345,63
23/09/1973 00:00:00,298,343958801342,62
24/09/1973 00:00:00,298,346717072675,58
25/09/1973 00:00:00,298,349178700082,58
26/09/1973 00:00:00,298,35137558674,63
27/09/1973 00:00:00,298,353336204736,59
28/09/1973 00:00:00,298,355085964063,59
29/09/1973 00:00:00,298,35664754195,61
30/09/1973 00:00:00,298,358041176752,58
01/10/1973 00:00:00,298,359284930253,56
02/10/1973 00:00:00,298,360394921743,57
03/10/1973 00:00:00,298,361385536931,68
04/10/1973 00:00:00,298,362269614384,70
05/10/1973 00:00:00,298,363058611922,70
06/10/1973 00:00:00,298,363762755108,68
07/10/1973 00:00:00,298,364391169776,75
08/10/1973 00:00:00,298,364952000305,74
09/10/1973 00:00:00,298,365452515169,84
10/10/1973 00:00:00,298,36589920114,80
11/10/1973 00:00:00,298,366297847356,74
12/10/1973 00:00:00,298,366653620349,71
13/10/1973 00:00:00,298,36697113101,69
14/10/1973 00:00:00,298,367254494338,70
15/10/1973 00:00:00,298,367507382778,60
16/10/1973 00:00:00,298,367733073814,65
17/10/1973 00:00:00,298,367934492446,69
18/10/1973 00:00:00,298,3681142491,70
19/10/1973 00:00:00,298,368274673458,70
20/10/1973 00:00:00,298,36841784465,67
21/10/1973 00:00:00,298,368545618204,64
22/10/1973 00:00:00,298,36865965009,61
23/10/1973 00:00:00,298,368761418184,63
24/10/1973 00:00:00,298,368852241421,64
25/10/1973 00:00:00,298,368933296887,64
26/10/1973 00:00:00,298,369005635077,65
27/10/1973 00:00:00,298,369070193509,63
28/10/1973 00:00:00,298,369127808872,65
29/10/1973 00:00:00,298,369179227874,83
30/10/1973 00:00:00,298,369225116914,93
31/10/1973 00:00:00,298,369266070723,89
01/11/1973 00:00:00,298,369302620071,108
02/11/1973 00:00:00,298,369335238645,135
03/11/1973 00:00:00,298,369364349188,144
04/11/1973 00:00:00,298,369390328978,127
05/11/1973 00:00:00,298,369413514718,116
06/11/1973 00:00:00,298,369434206901,106
07/11/1973 00:00:00,298,3694526737,96
08/11/1973 00:00:00,298,36946915445,91
09/11/1973 00:00:00,298,369483862744,87
10/11/1973 00:00:00,298,369496989204,82
11/11/1973 00:00:00,298,369508703953,78
12/11/1973 00:00:00,298,369519158815,79
13/11/1973 00:00:00,298,369528489287,91
14/11/1973 00:00:00,298,369536816295,92
15/11/1973 00:00:00,298,369544247757,98
16/11/1973 00:00:00,298,369550879988,134
17/11/1973 00:00:00,298,369556798942,192
18/11/1973 00:00:00,298,36956208133,216
19/11/1973 00:00:00,298,369566795613,204
20/11/1973 00:00:00,298,369571002889,179
21/11/1973 00:00:00,298,369574757684,162
22/11/1973 00:00:00,298,369578108663,151
23/11/1973 00:00:00,298,369581099253,141
24/11/1973 00:00:00,298,369583768215,137
25/11/1973 00:00:00,298,369586150137,133
26/11/1973 00:00:00,298,369588275891,126
27/11/1973 00:00:00,298,369590173026,127
28/11/1973 00:00:00,298,36959186613,128
29/11/1973 00:00:00,298,369593377146,149
30/11/1973 00:00:00,298,369594725656,206
01/12/1973 00:00:00,298,369595929138,314
02/12/1973 00:00:00,298,369597003189,348
03/12/1973 00:00:00,298,369597961729,320
04/12/1973 00:00:00,298,369598817181,274
05/12/1973 00:00:00,298,369599580632,245
06/12/1973 00:00:00,298,369600261976,224
07/12/1973 00:00:00,298,369600870043,214
08/12/1973 00:00:00,298,369601412714,209
09/12/1973 00:00:00,298,369601897023,201
10/12/1973 00:00:00,298,369602329246,204
11/12/1973 00:00:00,298,369602714984,218
12/12/1973 00:00:00,298,369603059238,214
13/12/1973 00:00:00,298,369603366468,237
14/12/1973 00:00:00,298,369603640656,470
15/12/1973 00:00:00,298,369603885356,566
16/12/1973 00:00:00,298,36960410374,513
17/12/1973 00:00:00,298,369604298637,413
18/12/1973 00:00:00,298,369604472573,331
19/12/1973 00:00:00,298,369604627803,294
20/12/1973 00:00:00,298,369604766338,317
21/12/1973 00:00:00,298,369604889975,348
22/12/1973 00:00:00,298,369605000314,337
23/12/1973 00:00:00,298,369605098787,292
24/12/1973 00:00:00,298,36960518667,249
25/12/1973 00:00:00,298,369605265101,229
26/12/1973 00:00:00,298,369605335097,215
27/12/1973 00:00:00,298,369605397565,198
28/12/1973 00:00:00,298,369605453315,179
29/12/1973 00:00:00,298,369605503069,154
30/12/1973 00:00:00,298,369605547472,142
31/12/1973 00:00:00,298,3696055871,133
01/01/1974 00:00:00,298,369605622466,122
02/01/1974 00:00:00,298,369605654028,113
03/01/1974 00:00:00,298,369605682196,116
04/01/1974 00:00:00,298,369605707335,119
05/01/1974 00:00:00,298,36960572977,122
06/01/1974 00:00:00,298,369605749792,125
07/01/1974 00:00:00,298,369605767661,127
08/01/1974 00:00:00,298,369605783608,130
09/01/1974 00:00:00,298,36960579784,125
10/01/1974 00:00:00,298,369605810541,170
11/01/1974 00:00:00,298,369605821877,289
12/01/1974 00:00:00,298,369605831993,354
13/01/1974 00:00:00,298,369605841022,345
14/01/1974 00:00:00,298,369605849079,334
15/01/1974 00:00:00,298,36960585627,258
16/01/1974 00:00:00,298,369605862687,221
17/01/1974 00:00:00,298,369605868415,184
18/01/1974 00:00:00,298,369605873526,170
19/01/1974 00:00:00,298,369605878088,161
20/01/1974 00:00:00,298,369605882159,154
21/01/1974 00:00:00,298,369605885792,150
22/01/1974 00:00:00,298,369605889034,146
23/01/1974 00:00:00,298,369605891928,142
24/01/1974 00:00:00,298,369605894511,139
25/01/1974 00:00:00,298,369605896815,136
26/01/1974 00:00:00,298,369605898872,135
27/01/1974 00:00:00,298,369605900708,135
28/01/1974 00:00:00,298,369605902346,133
29/01/1974 00:00:00,298,369605903808,131
30/01/1974 00:00:00,298,369605905113,130
31/01/1974 00:00:00,298,369605906278,130
01/02/1974 00:00:00,298,369605907317,130
02/02/1974 00:00:00,298,369605908245,130
03/02/1974 00:00:00,298,369605909072,130
04/02/1974 00:00:00,298,369605909811,130
05/02/1974 00:00:00,298,36960591047,198
06/02/1974 00:00:00,298,369605911059,283
07/02/1974 00:00:00,298,369605911584,368
08/02/1974 00:00:00,298,369605912052,382
09/02/1974 00:00:00,298,369605912471,362
10/02/1974 00:00:00,298,369605912844,340
11/02/1974 00:00:00,298,369605913177,799
12/02/1974 00:00:00,298,369605913474,1100
13/02/1974 00:00:00,298,36960591374,1040
14/02/1974 00:00:00,298,369605913976,937
15/02/1974 00:00:00,298,369605914188,903
16/02/1974 00:00:00,298,369605914376,694
17/02/1974 00:00:00,298,369605914545,600
18/02/1974 00:00:00,298,369605914695,541
19/02/1974 00:00:00,298,369605914829,476
20/02/1974 00:00:00,298,369605914948,419
21/02/1974 00:00:00,298,369605915055,362
22/02/1974 00:00:00,298,36960591515,311
23/02/1974 00:00:00,298,369605915236,269
24/02/1974 00:00:00,298,369605915311,232
25/02/1974 00:00:00,298,369605915379,204
26/02/1974 00:00:00,298,36960591544,176
27/02/1974 00:00:00,298,369605915494,153
28/02/1974 00:00:00,298,369605915542,140
01/03/1974 00:00:00,298,369605915585,133
02/03/1974 00:00:00,298,369605915623,131
03/03/1974 00:00:00,298,369605915657,130
04/03/1974 00:00:00,298,369605915688,130
05/03/1974 00:00:00,298,369605915715,133
06/03/1974 00:00:00,298,369605915739,133
07/03/1974 00:00:00,298,369605915761,135
08/03/1974 00:00:00,298,36960591578,139
09/03/1974 00:00:00,298,369605915798,144
10/03/1974 00:00:00,298,369605915813,173
11/03/1974 00:00:00,298,369605915827,170
12/03/1974 00:00:00,298,369605915839,167
13/03/1974 00:00:00,298,36960591585,164
14/03/1974 00:00:00,298,36960591586,163
15/03/1974 00:00:00,298,369605915869,160
16/03/1974 00:00:00,298,369605915876,154
17/03/1974 00:00:00,298,369605915883,159
18/03/1974 00:00:00,298,36960591589,422
19/03/1974 00:00:00,298,369605915895,1170
20/03/1974 00:00:00,298,3696059159,1870
21/03/1974 00:00:00,298,369605915905,2210
22/03/1974 00:00:00,298,369605915908,2800
23/03/1974 00:00:00,298,369605915912,3260
24/03/1974 00:00:00,298,369605915915,2190
25/03/1974 00:00:00,298,369605915918,1350
26/03/1974 00:00:00,298,36960591592,946
27/03/1974 00:00:00,298,369605915923,770
28/03/1974 00:00:00,298,369605915925,583
29/03/1974 00:00:00,298,369605915926,498
30/03/1974 00:00:00,298,369605915928,479
31/03/1974 00:00:00,298,369605915929,425
01/04/1974 00:00:00,298,369605915931,365
02/04/1974 00:00:00,298,369605915932,320
03/04/1974 00:00:00,298,369605915933,314
04/04/1974 00:00:00,298,369605915934,303
05/04/1974 00:00:00,298,369605915935,294
06/04/1974 00:00:00,298,369605915935,275
07/04/1974 00:00:00,298,369605915936,255
08/04/1974 00:00:00,298,369605915936,232
09/04/1974 00:00:00,298,369605915937,218
10/04/1974 00:00:00,298,369605915937,238
11/04/1974 00:00:00,298,369605915938,241
12/04/1974 00:00:00,298,369605915938,238
13/04/1974 00:00:00,298,369605915939,237
14/04/1974 00:00:00,298,369605915939,256
15/04/1974 00:00:00,298,369605915939,266
16/04/1974 00:00:00,298,369605915939,280
17/04/1974 00:00:00,298,36960591594,544
18/04/1974 00:00:00,298,36960591594,912
19/04/1974 00:00:00,298,36960591594,2170
20/04/1974 00:00:00,298,36960591594,3110
21/04/1974 00:00:00,298,36960591594,2340
22/04/1974 00:00:00,298,36960591594,1330
23/04/1974 00:00:00,298,36960591594,1010
24/04/1974 00:00:00,298,369605915941,773
25/04/1974 00:00:00,298,369605915941,629
26/04/1974 00:00:00,298,369605915941,547
27/04/1974 00:00:00,298,369605915941,547
28/04/1974 00:00:00,298,369605915941,699
29/04/1974 00:00:00,298,369605915941,833
30/04/1974 00:00:00,298,369605915941,1100
01/05/1974 00:00:00,298,369605915941,1140
02/05/1974 00:00:00,298,369605915941,906
03/05/1974 00:00:00,298,369605915941,665
04/05/1974 00:00:00,298,369605915941,535
05/05/1974 00:00:00,298,369605915941,456
06/05/1974 00:00:00,298,369605915941,402
07/05/1974 00:00:00,298,369605915941,382
08/05/1974 00:00:00,298,369605915941,538
09/05/1974 00:00:00,298,369605915941,648
10/05/1974 00:00:00,298,369605915941,558
11/05/1974 00:00:00,298,369605915941,470
12/05/1974 00:00:00,298,369605915941,396
13/05/1974 00:00:00,298,369605915941,351
14/05/1974 00:00:00,298,369605915941,385
15/05/1974 00:00:00,298,369605915941,513
16/05/1974 00:00:00,298,369605915941,569
17/05/1974 00:00:00,298,369605915941,524
18/05/1974 00:00:00,298,369605915941,436
19/05/1974 00:00:00,298,369605915941,379
20/05/1974 00:00:00,298,369605915941,340
21/05/1974 00:00:00,298,369605915941,411
22/05/1974 00:00:00,298,369605915941,496
23/05/1974 00:00:00,298,369605915941,504
24/05/1974 00:00:00,298,369605915941,513
25/05/1974 00:00:00,298,369605915941,614
26/05/1974 00:00:00,298,369605915941,583
27/05/1974 00:00:00,298,369605915941,620
28/05/1974 00:00:00,298,369605915941,801
29/05/1974 00:00:00,298,369605915941,801
30/05/1974 00:00:00,298,369605915941,954
31/05/1974 00:00:00,298,369605915941,1290
01/06/1974 00:00:00,298,369605915941,1770
02/06/1974 00:00:00,298,369605915941,1880
03/06/1974 00:00:00,298,369605915941,1130
04/06/1974 00:00:00,298,369605915941,702
05/06/1974 00:00:00,298,369605915941,535
06/06/1974 00:00:00,298,369605915941,447
07/06/1974 00:00:00,298,369605915941,399
08/06/1974 00:00:00,298,369605915941,357
09/06/1974 00:00:00,298,369605915941,326
10/06/1974 00:00:00,298,369605915941,303
11/06/1974 00:00:00,298,369605915941,286
12/06/1974 00:00:00,298,369605915941,273
13/06/1974 00:00:00,298,369605915941,303
14/06/1974 00:00:00,298,369605915941,323
15/06/1974 00:00:00,298,369605915941,297
16/06/1974 00:00:00,298,369605915941,278
17/06/1974 00:00:00,298,369605915941,257
18/06/1974 00:00:00,298,369605915941,238
19/06/1974 00:00:00,298,369605915941,222
20/06/1974 00:00:00,298,369605915941,209
21/06/1974 00:00:00,298,369605915941,204
22/06/1974 00:00:00,298,369605915941,197
23/06/1974 00:00:00,298,369605915941,186
24/06/1974 00:00:00,298,369605915941,187
25/06/1974 00:00:00,298,369605915941,202
26/06/1974 00:00:00,298,369605915941,191
27/06/1974 00:00:00,298,369605915941,185
28/06/1974 00:00:00,298,369605915941,177
29/06/1974 00:00:00,298,369605915941,168
30/06/1974 00:00:00,298,369605915941,170
01/07/1974 00:00:00,298,369605915941,195
02/07/1974 00:00:00,298,369605915941,200
03/07/1974 00:00:00,298,369605915941,210
04/07/1974 00:00:00,298,369605915941,250
05/07/1974 00:00:00,298,369605915941,243
06/07/1974 00:00:00,298,369605915941,215
07/07/1974 00:00:00,298,369605915941,185
08/07/1974 00:00:00,298,369605915941,166
09/07/1974 00:00:00,298,369605915941,155
10/07/1974 00:00:00,298,369605915941,144
11/07/1974 00:00:00,298,369605915941,141
12/07/1974 00:00:00,298,369605915941,136
13/07/1974 00:00:00,298,369605915941,130
14/07/1974 00:00:00,298,369605915941,127
15/07/1974 00:00:00,298,369605915941,136
16/07/1974 00:00:00,298,369605915941,147
17/07/1974 00:00:00,298,369605915941,135
18/07/1974 00:00:00,298,369605915941,147
19/07/1974 00:00:00,298,369605915941,213
20/07/1974 00:00:00,298,369605915941,306
21/07/1974 00:00:00,298,369605915941,281
22/07/1974 00:00:00,298,369605915941,217
23/07/1974 00:00:00,298,369605915941,168
24/07/1974 00:00:00,298,369605915941,139
25/07/1974 00:00:00,298,369605915941,130
26/07/1974 00:00:00,298,369605915941,121
27/07/1974 00:00:00,298,369605915941,114
28/07/1974 00:00:00,298,369605915941,110
29/07/1974 00:00:00,298,369605915941,106
30/07/1974 00:00:00,298,369605915941,102
31/07/1974 00:00:00,298,369605915941,99
01/08/1974 00:00:00,298,369605915941,98
02/08/1974 00:00:00,298,369605915941,100
03/08/1974 00:00:00,298,369605915941,101
04/08/1974 00:00:00,298,369605915941,95
05/08/1974 00:00:00,298,369605915941,91
06/08/1974 00:00:00,298,369605915941,88
07/08/1974 00:00:00,298,369605915941,93
08/08/1974 00:00:00,298,369605915941,95
09/08/1974 00:00:00,298,369605915941,85
10/08/1974 00:00:00,298,369605915941,88
11/08/1974 00:00:00,298,369605915941,93
12/08/1974 00:00:00,298,369605915941,89
13/08/1974 00:00:00,298,369605915941,89
14/08/1974 00:00:00,298,369605915941,95
15/08/1974 00:00:00,298,369605915941,100
16/08/1974 00:00:00,298,369605915941,95
17/08/1974 00:00:00,298,369605915941,101
18/08/1974 00:00:00,298,369605915941,119
19/08/1974 00:00:00,298,369605915941,122
20/08/1974 00:00:00,298,369605915941,129
21/08/1974 00:00:00,298,369605915941,117
22/08/1974 00:00:00,298,369605915941,104
23/08/1974 00:00:00,298,369605915941,95
24/08/1974 00:00:00,298,369605915941,91
25/08/1974 00:00:00,298,369605915941,89
26/08/1974 00:00:00,298,369605915941,80
27/08/1974 00:00:00,298,369605915941,82
28/08/1974 00:00:00,298,369605915941,81
29/08/1974 00:00:00,298,369605915941,77
30/08/1974 00:00:00,298,369605915941,77
31/08/1974 00:00:00,298,369605915941,74
01/09/1974 00:00:00,298,369605915941,85
02/09/1974 00:00:00,298,369605915941,80
03/09/1974 00:00:00,298,369605915941,77
04/09/1974 00:00:00,298,369605915941,74
05/09/1974 00:00:00,298,369605915941,73
06/09/1974 00:00:00,298,369605915941,71
07/09/1974 00:00:00,298,369605915941,73
08/09/1974 00:00:00,298,369605915941,78
09/09/1974 00:00:00,298,369605915941,76
10/09/1974 00:00:00,298,369605915941,73
11/09/1974 00:00:00,298,369605915941,126
12/09/1974 00:00:00,298,369605915941,173
13/09/1974 00:00:00,298,369605915941,148
14/09/1974 00:00:00,298,369605915941,122
15/09/1974 00:00:00,298,369605915941,103
16/09/1974 00:00:00,298,369605915941,94
17/09/1974 00:00:00,298,369605915941,86
18/09/1974 00:00:00,298,369605915941,84
19/09/1974 00:00:00,298,369605915941,82
20/09/1974 00:00:00,298,369605915941,78
21/09/1974 00:00:00,298,369605915941,76
22/09/1974 00:00:00,298,369605915941,72
23/09/1974 00:00:00,298,369605915941,71
24/09/1974 00:00:00,298,369605915941,70
25/09/1974 00:00:00,298,369605915941,81
26/09/1974 00:00:00,298,369605915941,67
27/09/1974 00:00:00,298,369605915941,68
28/09/1974 00:00:00,298,369605915941,72
29/09/1974 00:00:00,298,369605915941,72
30/09/1974 00:00:00,298,369605915941,73
01/10/1974 00:00:00,298,369605915941,72
02/10/1974 00:00:00,298,369605915941,74
03/10/1974 00:00:00,298,369605915941,81
04/10/1974 00:00:00,298,369605915941,84
05/10/1974 00:00:00,298,369605915941,80
06/10/1974 00:00:00,298,369605915941,80
07/10/1974 00:00:00,298,369605915941,79
08/10/1974 00:00:00,298,369605915941,78
09/10/1974 00:00:00,298,369605915941,77
10/10/1974 00:00:00,298,369605915941,81
11/10/1974 00:00:00,298,369605915941,87
12/10/1974 00:00:00,298,369605915941,87
13/10/1974 00:00:00,298,369605915941,82
14/10/1974 00:00:00,298,369605915941,93
15/10/1974 00:00:00,298,369605915941,119
16/10/1974 00:00:00,298,369605915941,102
17/10/1974 00:00:00,298,369605915941,93
18/10/1974 00:00:00,298,369605915941,93
19/10/1974 00:00:00,298,369605915941,89
20/10/1974 00:00:00,298,369605915941,83
21/10/1974 00:00:00,298,369605915941,81
22/10/1974 00:00:00,298,369605915941,100
23/10/1974 00:00:00,298,369605915941,111
24/10/1974 00:00:00,298,369605915941,105
25/10/1974 00:00:00,298,369605915941,101
26/10/1974 00:00:00,298,369605915941,93
27/10/1974 00:00:00,298,369605915941,91
28/10/1974 00:00:00,298,369605915941,97
29/10/1974 00:00:00,298,369605915941,132
30/10/1974 00:00:00,298,369605915941,235
31/10/1974 00:00:00,298,369605915941,203
01/11/1974 00:00:00,298,369605915941,174
02/11/1974 00:00:00,298,369605915941,149
03/11/1974 00:00:00,298,369605915941,122
04/11/1974 00:00:00,298,369605915941,114
05/11/1974 00:00:00,298,369605915941,111
06/11/1974 00:00:00,298,369605915941,106
07/11/1974 00:00:00,298,369605915941,107
08/11/1974 00:00:00,298,369605915941,105
09/11/1974 00:00:00,298,369605915941,104
10/11/1974 00:00:00,298,369605915941,102
11/11/1974 00:00:00,298,369605915941,99
12/11/1974 00:00:00,298,369605915941,98
13/11/1974 00:00:00,298,369605915941,96
14/11/1974 00:00:00,298,369605915941,121
15/11/1974 00:00:00,298,369605915941,129
16/11/1974 00:00:00,298,369605915941,130
17/11/1974 00:00:00,298,369605915941,123
18/11/1974 00:00:00,298,369605915941,115
19/11/1974 00:00:00,298,369605915941,125
20/11/1974 00:00:00,298,369605915941,136
21/11/1974 00:00:00,298,369605915941,169
22/11/1974 00:00:00,298,369605915941,202
23/11/1974 00:00:00,298,369605915941,197
24/11/1974 00:00:00,298,369605915941,168
25/11/1974 00:00:00,298,369605915941,151
26/11/1974 00:00:00,298,369605915941,141
27/11/1974 00:00:00,298,369605915941,155
28/11/1974 00:00:00,298,369605915941,187
29/11/1974 00:00:00,298,369605915941,200
30/11/1974 00:00:00,298,369605915941,194
01/12/1974 00:00:00,298,369605915941,182
02/12/1974 00:00:00,298,369605915941,184
03/12/1974 00:00:00,298,369605915941,211
04/12/1974 00:00:00,298,369605915941,234
05/12/1974 00:00:00,298,369605915941,262
06/12/1974 00:00:00,298,369605915941,453
07/12/1974 00:00:00,298,369605915941,530
08/12/1974 00:00:00,298,369605915941,433
09/12/1974 00:00:00,298,369605915941,419
10/12/1974 00:00:00,298,369605915941,439
11/12/1974 00:00:00,298,369605915941,382
12/12/1974 00:00:00,298,369605915941,294
13/12/1974 00:00:00,298,369605915941,262
14/12/1974 00:00:00,298,369605915941,234
15/12/1974 00:00:00,298,369605915941,194
16/12/1974 00:00:00,298,369605915941,165
17/12/1974 00:00:00,298,369605915941,161
18/12/1974 00:00:00,298,369605915941,153
19/12/1974 00:00:00,298,369605915941,150
20/12/1974 00:00:00,298,369605915941,153
21/12/1974 00:00:00,298,369605915941,151
22/12/1974 00:00:00,298,369605915941,147
23/12/1974 00:00:00,298,369605915941,159
24/12/1974 00:00:00,298,369605915941,162
25/12/1974 00:00:00,298,369605915941,157
26/12/1974 00:00:00,298,369605915941,180
27/12/1974 00:00:00,298,369605915941,186
28/12/1974 00:00:00,298,369605915941,188
29/12/1974 00:00:00,298,369605915941,179
30/12/1974 00:00:00,298,369605915941,151
31/12/1974 00:00:00,298,369605915941,177
01/01/1975 00:00:00,298,369605915941,177
02/01/1975 00:00:00,298,369605915941,174
03/01/1975 00:00:00,298,369605915941,171
04/01/1975 00:00:00,298,369605915941,172
05/01/1975 00:00:00,298,369605915941,170
06/01/1975 00:00:00,298,369605915941,166
07/01/1975 00:00:00,298,369605915941,163
08/01/1975 00:00:00,298,369605915941,163
09/01/1975 00:00:00,298,369605915941,163
10/01/1975 00:00:00,298,369605915941,130
11/01/1975 00:00:00,298,369605915941,136
12/01/1975 00:00:00,298,369605915941,160
13/01/1975 00:00:00,298,369605915941,155
14/01/1975 00:00:00,298,369605915941,148
15/01/1975 00:00:00,298,369605915941,126
16/01/1975 00:00:00,298,369605915941,143
17/01/1975 00:00:00,298,369605915941,137
18/01/1975 00:00:00,298,369605915941,130
19/01/1975 00:00:00,298,369605915941,133
20/01/1975 00:00:00,298,369605915941,123
21/01/1975 00:00:00,298,369605915941,130
22/01/1975 00:00:00,298,369605915941,145
23/01/1975 00:00:00,298,369605915941,150
24/01/1975 00:00:00,298,369605915941,264
25/01/1975 00:00:00,298,369605915941,365
26/01/1975 00:00:00,298,369605915941,770
27/01/1975 00:00:00,298,369605915941,951
28/01/1975 00:00:00,298,369605915941,790
29/01/1975 00:00:00,298,369605915941,612
30/01/1975 00:00:00,298,369605915941,464
31/01/1975 00:00:00,298,369605915941,328
01/02/1975 00:00:00,298,369605915941,241
02/02/1975 00:00:00,298,369605915941,255
03/02/1975 00:00:00,298,369605915941,249
04/02/1975 00:00:00,298,369605915941,235
05/02/1975 00:00:00,298,369605915941,246
06/02/1975 00:00:00,298,369605915941,269
07/02/1975 00:00:00,298,369605915941,241
08/02/1975 00:00:00,298,369605915941,227
09/02/1975 00:00:00,298,369605915941,215
10/02/1975 00:00:00,298,369605915941,244
11/02/1975 00:00:00,298,369605915941,246
12/02/1975 00:00:00,298,369605915941,244
13/02/1975 00:00:00,298,369605915941,246
14/02/1975 00:00:00,298,369605915941,278
15/02/1975 00:00:00,298,369605915941,283
16/02/1975 00:00:00,298,369605915941,263
17/02/1975 00:00:00,298,369605915941,244
18/02/1975 00:00:00,298,369605915941,227
19/02/1975 00:00:00,298,369605915941,210
20/02/1975 00:00:00,298,369605915941,204
21/02/1975 00:00:00,298,369605915941,198
22/02/1975 00:00:00,298,369605915941,190
23/02/1975 00:00:00,298,369605915941,184
24/02/1975 00:00:00,298,369605915941,181
25/02/1975 00:00:00,298,369605915941,176
26/02/1975 00:00:00,298,369605915941,187
27/02/1975 00:00:00,298,369605915941,181
28/02/1975 00:00:00,298,369605915941,176
01/03/1975 00:00:00,298,369605915941,176
02/03/1975 00:00:00,298,369605915941,187
03/03/1975 00:00:00,298,369605915941,185
04/03/1975 00:00:00,298,369605915941,181
05/03/1975 00:00:00,298,369605915941,190
06/03/1975 00:00:00,298,369605915941,198
07/03/1975 00:00:00,298,369605915941,198
08/03/1975 00:00:00,298,369605915941,197
09/03/1975 00:00:00,298,369605915941,193
10/03/1975 00:00:00,298,369605915941,239
11/03/1975 00:00:00,298,369605915941,394
12/03/1975 00:00:00,298,369605915941,691
13/03/1975 00:00:00,298,369605915941,606
14/03/1975 00:00:00,298,369605915941,530
15/03/1975 00:00:00,298,369605915941,527
16/03/1975 00:00:00,298,369605915941,490
17/03/1975 00:00:00,298,369605915941,462
18/03/1975 00:00:00,298,369605915941,408
19/03/1975 00:00:00,298,369605915941,399
20/03/1975 00:00:00,298,369605915941,399
21/03/1975 00:00:00,298,369605915941,368
22/03/1975 00:00:00,298,369605915941,337
23/03/1975 00:00:00,298,369605915941,297
24/03/1975 00:00:00,298,369605915941,253
25/03/1975 00:00:00,298,369605915941,275
26/03/1975 00:00:00,298,369605915941,272
27/03/1975 00:00:00,298,369605915941,266
28/03/1975 00:00:00,298,369605915941,261
29/03/1975 00:00:00,298,369605915941,231
30/03/1975 00:00:00,298,369605915941,246
31/03/1975 00:00:00,298,369605915941,261
01/04/1975 00:00:00,298,369605915941,266
02/04/1975 00:00:00,298,369605915941,294
03/04/1975 00:00:00,298,369605915941,419
04/04/1975 00:00:00,298,369605915941,691
05/04/1975 00:00:00,298,369605915941,784
06/04/1975 00:00:00,298,369605915941,892
07/04/1975 00:00:00,298,369605915941,1060
08/04/1975 00:00:00,298,369605915941,1140
09/04/1975 00:00:00,298,369605915941,1130
10/04/1975 00:00:00,298,369605915941,886
11/04/1975 00:00:00,298,369605915941,705
12/04/1975 00:00:00,298,369605915941,660
13/04/1975 00:00:00,298,369605915941,614
14/04/1975 00:00:00,298,369605915941,552
15/04/1975 00:00:00,298,369605915941,481
16/04/1975 00:00:00,298,369605915941,484
17/04/1975 00:00:00,298,369605915941,436
18/04/1975 00:00:00,298,369605915941,300
19/04/1975 00:00:00,298,369605915941,239
20/04/1975 00:00:00,298,369605915941,340
21/04/1975 00:00:00,298,369605915941,388
22/04/1975 00:00:00,298,369605915941,382
23/04/1975 00:00:00,298,369605915941,374
24/04/1975 00:00:00,298,369605915941,368
25/04/1975 00:00:00,298,369605915941,365
26/04/1975 00:00:00,298,369605915941,345
27/04/1975 00:00:00,298,369605915941,340
28/04/1975 00:00:00,298,369605915941,337
29/04/1975 00:00:00,298,369605915941,343
30/04/1975 00:00:00,298,369605915941,396
01/05/1975 00:00:00,298,369605915941,501
02/05/1975 00:00:00,298,369605915941,694
03/05/1975 00:00:00,298,369605915941,1260
04/05/1975 00:00:00,298,369605915941,3850
05/05/1975 00:00:00,298,369605915941,5270
06/05/1975 00:00:00,298,369605915941,3990
07/05/1975 00:00:00,298,369605915941,2860
08/05/1975 00:00:00,298,369605915941,2330
09/05/1975 00:00:00,298,369605915941,2300
10/05/1975 00:00:00,298,369605915941,2440
11/05/1975 00:00:00,298,369605915941,1960
12/05/1975 00:00:00,298,369605915941,1440
13/05/1975 00:00:00,298,369605915941,1180
14/05/1975 00:00:00,298,369605915941,1010
15/05/1975 00:00:00,298,369605915941,875
16/05/1975 00:00:00,298,369605915941,793
17/05/1975 00:00:00,298,369605915941,745
18/05/1975 00:00:00,298,369605915941,677
19/05/1975 00:00:00,298,369605915941,643
20/05/1975 00:00:00,298,369605915941,646
21/05/1975 00:00:00,298,369605915941,663
22/05/1975 00:00:00,298,369605915941,830
23/05/1975 00:00:00,298,369605915941,748
24/05/1975 00:00:00,298,369605915941,606
25/05/1975 00:00:00,298,369605915941,487
26/05/1975 00:00:00,298,369605915941,416
27/05/1975 00:00:00,298,369605915941,377
28/05/1975 00:00:00,298,369605915941,345
29/05/1975 00:00:00,298,369605915941,328
30/05/1975 00:00:00,298,369605915941,303
31/05/1975 00:00:00,298,369605915941,292
01/06/1975 00:00:00,298,369605915941,283
02/06/1975 00:00:00,298,369605915941,267
03/06/1975 00:00:00,298,369605915941,251
04/06/1975 00:00:00,298,369605915941,244
05/06/1975 00:00:00,298,369605915941,235
06/06/1975 00:00:00,298,369605915941,231
07/06/1975 00:00:00,298,369605915941,231
08/06/1975 00:00:00,298,369605915941,233
09/06/1975 00:00:00,298,369605915941,217
10/06/1975 00:00:00,298,369605915941,223
11/06/1975 00:00:00,298,369605915941,218
12/06/1975 00:00:00,298,369605915941,199
13/06/1975 00:00:00,298,369605915941,183
14/06/1975 00:00:00,298,369605915941,174
15/06/1975 00:00:00,298,369605915941,178
16/06/1975 00:00:00,298,369605915941,185
17/06/1975 00:00:00,298,369605915941,179
18/06/1975 00:00:00,298,369605915941,169
19/06/1975 00:00:00,298,369605915941,163
20/06/1975 00:00:00,298,369605915941,172
21/06/1975 00:00:00,298,369605915941,196
22/06/1975 00:00:00,298,369605915941,193
23/06/1975 00:00:00,298,369605915941,186
24/06/1975 00:00:00,298,369605915941,174
25/06/1975 00:00:00,298,369605915941,161
26/06/1975 00:00:00,298,369605915941,148
27/06/1975 00:00:00,298,369605915941,159
28/06/1975 00:00:00,298,369605915941,172
29/06/1975 00:00:00,298,369605915941,182
30/06/1975 00:00:00,298,369605915941,169
01/07/1975 00:00:00,298,369605915941,164
02/07/1975 00:00:00,298,369605915941,160
03/07/1975 00:00:00,298,369605915941,165
04/07/1975 00:00:00,298,369605915941,190
05/07/1975 00:00:00,298,369605915941,248
06/07/1975 00:00:00,298,369605915941,215
07/07/1975 00:00:00,298,369605915941,180
08/07/1975 00:00:00,298,369605915941,157
09/07/1975 00:00:00,298,369605915941,144
10/07/1975 00:00:00,298,369605915941,136
11/07/1975 00:00:00,298,369605915941,125
12/07/1975 00:00:00,298,369605915941,119
13/07/1975 00:00:00,298,369605915941,111
14/07/1975 00:00:00,298,369605915941,110
15/07/1975 00:00:00,298,369605915941,109
16/07/1975 00:00:00,298,369605915941,105
17/07/1975 00:00:00,298,369605915941,99
18/07/1975 00:00:00,298,369605915941,95
19/07/1975 00:00:00,298,369605915941,95
20/07/1975 00:00:00,298,369605915941,89
21/07/1975 00:00:00,298,369605915941,88
22/07/1975 00:00:00,298,369605915941,90
23/07/1975 00:00:00,298,369605915941,108
24/07/1975 00:00:00,298,369605915941,113
25/07/1975 00:00:00,298,369605915941,105
26/07/1975 00:00:00,298,369605915941,119
27/07/1975 00:00:00,298,369605915941,118
28/07/1975 00:00:00,298,369605915941,106
29/07/1975 00:00:00,298,369605915941,108
30/07/1975 00:00:00,298,369605915941,108
31/07/1975 00:00:00,298,369605915941,100
01/08/1975 00:00:00,298,369605915941,94
02/08/1975 00:00:00,298,369605915941,90
03/08/1975 00:00:00,298,369605915941,146
04/08/1975 00:00:00,298,369605915941,192
05/08/1975 00:00:00,298,369605915941,173
06/08/1975 00:00:00,298,369605915941,148
07/08/1975 00:00:00,298,369605915941,133
08/08/1975 00:00:00,298,369605915941,129
09/08/1975 00:00:00,298,369605915941,127
10/08/1975 00:00:00,298,369605915941,116
11/08/1975 00:00:00,298,369605915941,106
12/08/1975 00:00:00,298,369605915941,106
13/08/1975 00:00:00,298,369605915941,101
14/08/1975 00:00:00,298,369605915941,93
15/08/1975 00:00:00,298,369605915941,88
16/08/1975 00:00:00,298,369605915941,84
17/08/1975 00:00:00,298,369605915941,82
18/08/1975 00:00:00,298,369605915941,86
19/08/1975 00:00:00,298,369605915941,108
20/08/1975 00:00:00,298,369605915941,109
21/08/1975 00:00:00,298,369605915941,93
22/08/1975 00:00:00,298,369605915941,84
23/08/1975 00:00:00,298,369605915941,81
24/08/1975 00:00:00,298,369605915941,78
25/08/1975 00:00:00,298,369605915941,74
26/08/1975 00:00:00,298,369605915941,122
27/08/1975 00:00:00,298,369605915941,140
28/08/1975 00:00:00,298,369605915941,115
29/08/1975 00:00:00,298,369605915941,106
30/08/1975 00:00:00,298,369605915941,96
31/08/1975 00:00:00,298,369605915941,88
01/09/1975 00:00:00,298,369605915941,82
02/09/1975 00:00:00,298,369605915941,79
03/09/1975 00:00:00,298,369605915941,78
04/09/1975 00:00:00,298,369605915941,76
05/09/1975 00:00:00,298,369605915941,76
06/09/1975 00:00:00,298,369605915941,82
07/09/1975 00:00:00,298,369605915941,79
08/09/1975 00:00:00,298,369605915941,257
09/09/1975 00:00:00,298,369605915941,300
10/09/1975 00:00:00,298,369605915941,218
11/09/1975 00:00:00,298,369605915941,175
12/09/1975 00:00:00,298,369605915941,136
13/09/1975 00:00:00,298,369605915941,127
14/09/1975 00:00:00,298,369605915941,229
15/09/1975 00:00:00,298,369605915941,245
16/09/1975 00:00:00,298,369605915941,201
17/09/1975 00:00:00,298,369605915941,177
18/09/1975 00:00:00,298,369605915941,152
19/09/1975 00:00:00,298,369605915941,133
20/09/1975 00:00:00,298,369605915941,119
21/09/1975 00:00:00,298,369605915941,114
22/09/1975 00:00:00,298,369605915941,111
23/09/1975 00:00:00,298,369605915941,109
24/09/1975 00:00:00,298,369605915941,103
25/09/1975 00:00:00,298,369605915941,98
26/09/1975 00:00:00,298,369605915941,100
27/09/1975 00:00:00,298,369605915941,175
28/09/1975 00:00:00,298,369605915941,240
29/09/1975 00:00:00,298,369605915941,289
30/09/1975 00:00:00,298,369605915941,254
01/10/1975 00:00:00,298,369605915941,203
02/10/1975 00:00:00,298,369605915941,170
03/10/1975 00:00:00,298,369605915941,156
04/10/1975 00:00:00,298,369605915941,220
05/10/1975 00:00:00,298,369605915941,281
06/10/1975 00:00:00,298,369605915941,328
07/10/1975 00:00:00,298,369605915941,340
08/10/1975 00:00:00,298,369605915941,306
09/10/1975 00:00:00,298,369605915941,258
10/10/1975 00:00:00,298,369605915941,221
11/10/1975 00:00:00,298,369605915941,198
12/10/1975 00:00:00,298,369605915941,182
13/10/1975 00:00:00,298,369605915941,170
14/10/1975 00:00:00,298,369605915941,161
15/10/1975 00:00:00,298,369605915941,149
16/10/1975 00:00:00,298,369605915941,145
17/10/1975 00:00:00,298,369605915941,140
18/10/1975 00:00:00,298,369605915941,134
19/10/1975 00:00:00,298,369605915941,127
20/10/1975 00:00:00,298,369605915941,122
21/10/1975 00:00:00,298,369605915941,117
22/10/1975 00:00:00,298,369605915941,114
23/10/1975 00:00:00,298,369605915941,110
24/10/1975 00:00:00,298,369605915941,108
25/10/1975 00:00:00,298,369605915941,106
26/10/1975 00:00:00,298,369605915941,107
27/10/1975 00:00:00,298,369605915941,111
28/10/1975 00:00:00,298,369605915941,129
29/10/1975 00:00:00,298,369605915941,174
30/10/1975 00:00:00,298,369605915941,165
31/10/1975 00:00:00,298,369605915941,154
01/11/1975 00:00:00,298,369605915941,145
02/11/1975 00:00:00,298,369605915941,129
03/11/1975 00:00:00,298,369605915941,124
04/11/1975 00:00:00,298,369605915941,125
05/11/1975 00:00:00,298,369605915941,136
06/11/1975 00:00:00,298,369605915941,140
07/11/1975 00:00:00,298,369605915941,137
08/11/1975 00:00:00,298,369605915941,127
09/11/1975 00:00:00,298,369605915941,125
10/11/1975 00:00:00,298,369605915941,128
11/11/1975 00:00:00,298,369605915941,126
12/11/1975 00:00:00,298,369605915941,123
13/11/1975 00:00:00,298,369605915941,118
14/11/1975 00:00:00,298,369605915941,113
15/11/1975 00:00:00,298,369605915941,109
16/11/1975 00:00:00,298,369605915941,115
17/11/1975 00:00:00,298,369605915941,146
18/11/1975 00:00:00,298,369605915941,162
19/11/1975 00:00:00,298,369605915941,170
20/11/1975 00:00:00,298,369605915941,167
21/11/1975 00:00:00,298,369605915941,158
22/11/1975 00:00:00,298,369605915941,153
23/11/1975 00:00:00,298,369605915941,162
24/11/1975 00:00:00,298,369605915941,161
25/11/1975 00:00:00,298,369605915941,173
26/11/1975 00:00:00,298,369605915941,209
27/11/1975 00:00:00,298,369605915941,199
28/11/1975 00:00:00,298,369605915941,186
29/11/1975 00:00:00,298,369605915941,174
30/11/1975 00:00:00,298,369605915941,163
01/12/1975 00:00:00,298,369605915941,156
02/12/1975 00:00:00,298,369605915941,151
03/12/1975 00:00:00,298,369605915941,146
04/12/1975 00:00:00,298,369605915941,143
05/12/1975 00:00:00,298,369605915941,140
06/12/1975 00:00:00,298,369605915941,146
07/12/1975 00:00:00,298,369605915941,157
08/12/1975 00:00:00,298,369605915941,159
09/12/1975 00:00:00,298,369605915941,154
10/12/1975 00:00:00,298,369605915941,149
11/12/1975 00:00:00,298,369605915941,142
12/12/1975 00:00:00,298,369605915941,142
13/12/1975 00:00:00,298,369605915941,145
14/12/1975 00:00:00,298,369605915941,145
15/12/1975 00:00:00,298,369605915941,181
16/12/1975 00:00:00,298,369605915941,303
17/12/1975 00:00:00,298,369605915941,362
18/12/1975 00:00:00,298,369605915941,297
19/12/1975 00:00:00,298,369605915941,221
20/12/1975 00:00:00,298,369605915941,232
21/12/1975 00:00:00,298,369605915941,470
22/12/1975 00:00:00,298,369605915941,578
23/12/1975 00:00:00,298,369605915941,428
24/12/1975 00:00:00,298,369605915941,354
25/12/1975 00:00:00,298,369605915941,279
26/12/1975 00:00:00,298,369605915941,240
27/12/1975 00:00:00,298,369605915941,217
28/12/1975 00:00:00,298,369605915941,190
29/12/1975 00:00:00,298,369605915941,311
30/12/1975 00:00:00,298,369605915941,1080
31/12/1975 00:00:00,298,369605915941,1480
01/01/1976 00:00:00,298,369605915941,1110
02/01/1976 00:00:00,298,369605915941,773
03/01/1976 00:00:00,298,369605915941,439
04/01/1976 00:00:00,298,369605915941,368
05/01/1976 00:00:00,298,369605915941,309
06/01/1976 00:00:00,298,369605915941,269
07/01/1976 00:00:00,298,369605915941,234
08/01/1976 00:00:00,298,369605915941,221
09/01/1976 00:00:00,298,369605915941,212
10/01/1976 00:00:00,298,369605915941,204
11/01/1976 00:00:00,298,369605915941,193
12/01/1976 00:00:00,298,369605915941,187
13/01/1976 00:00:00,298,369605915941,181
14/01/1976 00:00:00,298,369605915941,178
15/01/1976 00:00:00,298,369605915941,180
16/01/1976 00:00:00,298,369605915941,178
17/01/1976 00:00:00,298,369605915941,184
18/01/1976 00:00:00,298,369605915941,176
19/01/1976 00:00:00,298,369605915941,170
20/01/1976 00:00:00,298,369605915941,161
21/01/1976 00:00:00,298,369605915941,156
22/01/1976 00:00:00,298,369605915941,150
23/01/1976 00:00:00,298,369605915941,144
24/01/1976 00:00:00,298,369605915941,142
25/01/1976 00:00:00,298,369605915941,139
26/01/1976 00:00:00,298,369605915941,139
27/01/1976 00:00:00,298,369605915941,136
28/01/1976 00:00:00,298,369605915941,136
29/01/1976 00:00:00,298,369605915941,133
30/01/1976 00:00:00,298,369605915941,133
31/01/1976 00:00:00,298,369605915941,133
01/02/1976 00:00:00,298,369605915941,130
02/02/1976 00:00:00,298,369605915941,130
03/02/1976 00:00:00,298,369605915941,130
04/02/1976 00:00:00,298,369605915941,130
05/02/1976 00:00:00,298,369605915941,130
06/02/1976 00:00:00,298,369605915941,130
07/02/1976 00:00:00,298,369605915941,130
08/02/1976 00:00:00,298,369605915941,130
09/02/1976 00:00:00,298,369605915941,142
10/02/1976 00:00:00,298,369605915941,161
11/02/1976 00:00:00,298,369605915941,181
12/02/1976 00:00:00,298,369605915941,204
13/02/1976 00:00:00,298,369605915941,224
14/02/1976 00:00:00,298,369605915941,241
15/02/1976 00:00:00,298,369605915941,235
16/02/1976 00:00:00,298,369605915941,229
17/02/1976 00:00:00,298,369605915941,224
18/02/1976 00:00:00,298,369605915941,221
19/02/1976 00:00:00,298,369605915941,217
20/02/1976 00:00:00,298,369605915941,213
21/02/1976 00:00:00,298,369605915941,210
22/02/1976 00:00:00,298,369605915941,207
23/02/1976 00:00:00,298,369605915941,204
24/02/1976 00:00:00,298,369605915941,201
25/02/1976 00:00:00,298,369605915941,198
26/02/1976 00:00:00,298,369605915941,204
27/02/1976 00:00:00,298,369605915941,210
28/02/1976 00:00:00,298,369605915941,221
29/02/1976 00:00:00,298,369605915941,238
01/03/1976 00:00:00,298,369605915941,255
02/03/1976 00:00:00,298,369605915941,382
03/03/1976 00:00:00,298,369605915941,464
04/03/1976 00:00:00,298,369605915941,538
05/03/1976 00:00:00,298,369605915941,651
06/03/1976 00:00:00,298,369605915941,750
07/03/1976 00:00:00,298,369605915941,651
08/03/1976 00:00:00,298,369605915941,595
09/03/1976 00:00:00,298,369605915941,538
10/03/1976 00:00:00,298,369605915941,524
11/03/1976 00:00:00,298,369605915941,510
12/03/1976 00:00:00,298,369605915941,566
13/03/1976 00:00:00,298,369605915941,680
14/03/1976 00:00:00,298,369605915941,759
15/03/1976 00:00:00,298,369605915941,784
16/03/1976 00:00:00,298,369605915941,892
17/03/1976 00:00:00,298,369605915941,745
18/03/1976 00:00:00,298,369605915941,668
19/03/1976 00:00:00,298,369605915941,688
20/03/1976 00:00:00,298,369605915941,1060
21/03/1976 00:00:00,298,369605915941,1510
22/03/1976 00:00:00,298,369605915941,1310
23/03/1976 00:00:00,298,369605915941,1150
24/03/1976 00:00:00,298,369605915941,1010
25/03/1976 00:00:00,298,369605915941,957
26/03/1976 00:00:00,298,369605915941,793
27/03/1976 00:00:00,298,369605915941,648
28/03/1976 00:00:00,298,369605915941,971
29/03/1976 00:00:00,298,369605915941,900
30/03/1976 00:00:00,298,369605915941,838
31/03/1976 00:00:00,298,369605915941,708
01/04/1976 00:00:00,298,369605915941,629
02/04/1976 00:00:00,298,369605915941,592
03/04/1976 00:00:00,298,369605915941,657
04/04/1976 00:00:00,298,369605915941,1450
05/04/1976 00:00:00,298,369605915941,3200
06/04/1976 00:00:00,298,369605915941,3740
07/04/1976 00:00:00,298,369605915941,2940
08/04/1976 00:00:00,298,369605915941,2330
09/04/1976 00:00:00,298,369605915941,2600
10/04/1976 00:00:00,298,369605915941,3170
11/04/1976 00:00:00,298,369605915941,2720
12/04/1976 00:00:00,298,369605915941,2620
13/04/1976 00:00:00,298,369605915941,2170
14/04/1976 00:00:00,298,369605915941,1580
15/04/1976 00:00:00,298,369605915941,1390
16/04/1976 00:00:00,298,369605915941,1580
17/04/1976 00:00:00,298,369605915941,1650
18/04/1976 00:00:00,298,369605915941,1300
19/04/1976 00:00:00,298,369605915941,1020
20/04/1976 00:00:00,298,369605915941,824
21/04/1976 00:00:00,298,369605915941,711
22/04/1976 00:00:00,298,369605915941,631
23/04/1976 00:00:00,298,369605915941,564
24/04/1976 00:00:00,298,369605915941,518
25/04/1976 00:00:00,298,369605915941,484
26/04/1976 00:00:00,298,369605915941,479
27/04/1976 00:00:00,298,369605915941,464
28/04/1976 00:00:00,298,369605915941,436
29/04/1976 00:00:00,298,369605915941,416
30/04/1976 00:00:00,298,369605915941,413
01/05/1976 00:00:00,298,369605915941,470
02/05/1976 00:00:00,298,369605915941,504
03/05/1976 00:00:00,298,369605915941,481
04/05/1976 00:00:00,298,369605915941,419
05/05/1976 00:00:00,298,369605915941,368
06/05/1976 00:00:00,298,369605915941,337
07/05/1976 00:00:00,298,369605915941,331
08/05/1976 00:00:00,298,369605915941,331
09/05/1976 00:00:00,298,369605915941,320
10/05/1976 00:00:00,298,369605915941,416
11/05/1976 00:00:00,298,369605915941,586
12/05/1976 00:00:00,298,369605915941,589
13/05/1976 00:00:00,298,369605915941,569
14/05/1976 00:00:00,298,369605915941,566
15/05/1976 00:00:00,298,369605915941,515
16/05/1976 00:00:00,298,369605915941,433
17/05/1976 00:00:00,298,369605915941,411
18/05/1976 00:00:00,298,369605915941,436
19/05/1976 00:00:00,298,369605915941,439
20/05/1976 00:00:00,298,369605915941,399
21/05/1976 00:00:00,298,369605915941,445
22/05/1976 00:00:00,298,369605915941,572
23/05/1976 00:00:00,298,369605915941,665
24/05/1976 00:00:00,298,369605915941,595
25/05/1976 00:00:00,298,369605915941,479
26/05/1976 00:00:00,298,369605915941,402
27/05/1976 00:00:00,298,369605915941,368
28/05/1976 00:00:00,298,369605915941,331
29/05/1976 00:00:00,298,369605915941,309
30/05/1976 00:00:00,298,369605915941,289
31/05/1976 00:00:00,298,369605915941,317
01/06/1976 00:00:00,298,369605915941,445
02/06/1976 00:00:00,298,369605915941,433
03/06/1976 00:00:00,298,369605915941,399
04/06/1976 00:00:00,298,369605915941,348
05/06/1976 00:00:00,298,369605915941,306
06/06/1976 00:00:00,298,369605915941,275
07/06/1976 00:00:00,298,369605915941,254
08/06/1976 00:00:00,298,369605915941,236
09/06/1976 00:00:00,298,369605915941,226
10/06/1976 00:00:00,298,369605915941,221
11/06/1976 00:00:00,298,369605915941,217
12/06/1976 00:00:00,298,369605915941,207
13/06/1976 00:00:00,298,369605915941,194
14/06/1976 00:00:00,298,369605915941,185
15/06/1976 00:00:00,298,369605915941,193
16/06/1976 00:00:00,298,369605915941,217
17/06/1976 00:00:00,298,369605915941,214
18/06/1976 00:00:00,298,369605915941,200
19/06/1976 00:00:00,298,369605915941,182
20/06/1976 00:00:00,298,369605915941,167
21/06/1976 00:00:00,298,369605915941,159
22/06/1976 00:00:00,298,369605915941,151
23/06/1976 00:00:00,298,369605915941,148
24/06/1976 00:00:00,298,369605915941,135
25/06/1976 00:00:00,298,369605915941,131
26/06/1976 00:00:00,298,369605915941,117
27/06/1976 00:00:00,298,369605915941,120
28/06/1976 00:00:00,298,369605915941,118
29/06/1976 00:00:00,298,369605915941,118
30/06/1976 00:00:00,298,369605915941,115
01/07/1976 00:00:00,298,369605915941,140
02/07/1976 00:00:00,298,369605915941,145
03/07/1976 00:00:00,298,369605915941,133
04/07/1976 00:00:00,298,369605915941,144
05/07/1976 00:00:00,298,369605915941,156
06/07/1976 00:00:00,298,369605915941,140
07/07/1976 00:00:00,298,369605915941,131
08/07/1976 00:00:00,298,369605915941,129
09/07/1976 00:00:00,298,369605915941,155
10/07/1976 00:00:00,298,369605915941,189
11/07/1976 00:00:00,298,369605915941,168
12/07/1976 00:00:00,298,369605915941,223
13/07/1976 00:00:00,298,369605915941,235
14/07/1976 00:00:00,298,369605915941,311
15/07/1976 00:00:00,298,369605915941,379
16/07/1976 00:00:00,298,369605915941,657
17/07/1976 00:00:00,298,369605915941,691
18/07/1976 00:00:00,298,369605915941,637
19/07/1976 00:00:00,298,369605915941,569
20/07/1976 00:00:00,298,369605915941,442
21/07/1976 00:00:00,298,369605915941,334
22/07/1976 00:00:00,298,369605915941,258
23/07/1976 00:00:00,298,369605915941,216
24/07/1976 00:00:00,298,369605915941,191
25/07/1976 00:00:00,298,369605915941,176
26/07/1976 00:00:00,298,369605915941,190
27/07/1976 00:00:00,298,369605915941,197
28/07/1976 00:00:00,298,369605915941,187
29/07/1976 00:00:00,298,369605915941,173
30/07/1976 00:00:00,298,369605915941,165
31/07/1976 00:00:00,298,369605915941,157
01/08/1976 00:00:00,298,369605915941,146
02/08/1976 00:00:00,298,369605915941,136
03/08/1976 00:00:00,298,369605915941,128
04/08/1976 00:00:00,298,369605915941,135
05/08/1976 00:00:00,298,369605915941,143
06/08/1976 00:00:00,298,369605915941,159
07/08/1976 00:00:00,298,369605915941,138
08/08/1976 00:00:00,298,369605915941,132
09/08/1976 00:00:00,298,369605915941,124
10/08/1976 00:00:00,298,369605915941,116
11/08/1976 00:00:00,298,369605915941,113
12/08/1976 00:00:00,298,369605915941,110
13/08/1976 00:00:00,298,369605915941,139
14/08/1976 00:00:00,298,369605915941,194
15/08/1976 00:00:00,298,369605915941,176
16/08/1976 00:00:00,298,369605915941,172
17/08/1976 00:00:00,298,369605915941,159
18/08/1976 00:00:00,298,369605915941,145
19/08/1976 00:00:00,298,369605915941,129
20/08/1976 00:00:00,298,369605915941,117
21/08/1976 00:00:00,298,369605915941,116
22/08/1976 00:00:00,298,369605915941,109
23/08/1976 00:00:00,298,369605915941,104
24/08/1976 00:00:00,298,369605915941,105
25/08/1976 00:00:00,298,369605915941,104
26/08/1976 00:00:00,298,369605915941,99
27/08/1976 00:00:00,298,369605915941,103
28/08/1976 00:00:00,298,369605915941,117
29/08/1976 00:00:00,298,369605915941,118
30/08/1976 00:00:00,298,369605915941,142
31/08/1976 00:00:00,298,369605915941,148
01/09/1976 00:00:00,298,369605915941,136
02/09/1976 00:00:00,298,369605915941,129
03/09/1976 00:00:00,298,369605915941,122
04/09/1976 00:00:00,298,369605915941,110
05/09/1976 00:00:00,298,369605915941,102
06/09/1976 00:00:00,298,369605915941,95
07/09/1976 00:00:00,298,369605915941,95
08/09/1976 00:00:00,298,369605915941,89
09/09/1976 00:00:00,298,369605915941,84
10/09/1976 00:00:00,298,369605915941,84
11/09/1976 00:00:00,298,369605915941,98
12/09/1976 00:00:00,298,369605915941,96
13/09/1976 00:00:00,298,369605915941,88
14/09/1976 00:00:00,298,369605915941,85
15/09/1976 00:00:00,298,369605915941,83
16/09/1976 00:00:00,298,369605915941,95
17/09/1976 00:00:00,298,369605915941,105
18/09/1976 00:00:00,298,369605915941,102
19/09/1976 00:00:00,298,369605915941,95
20/09/1976 00:00:00,298,369605915941,91
21/09/1976 00:00:00,298,369605915941,88
22/09/1976 00:00:00,298,369605915941,87
23/09/1976 00:00:00,298,369605915941,84
24/09/1976 00:00:00,298,369605915941,85
25/09/1976 00:00:00,298,369605915941,116
26/09/1976 00:00:00,298,369605915941,199
27/09/1976 00:00:00,298,369605915941,184
28/09/1976 00:00:00,298,369605915941,142
29/09/1976 00:00:00,298,369605915941,119
30/09/1976 00:00:00,298,369605915941,107
01/10/1976 00:00:00,298,369605915941,104
02/10/1976 00:00:00,298,369605915941,104
03/10/1976 00:00:00,298,369605915941,130
04/10/1976 00:00:00,298,369605915941,191
05/10/1976 00:00:00,298,369605915941,196
06/10/1976 00:00:00,298,369605915941,232
07/10/1976 00:00:00,298,369605915941,294
08/10/1976 00:00:00,298,369605915941,377
09/10/1976 00:00:00,298,369605915941,337
10/10/1976 00:00:00,298,369605915941,275
11/10/1976 00:00:00,298,369605915941,227
12/10/1976 00:00:00,298,369605915941,204
13/10/1976 00:00:00,298,369605915941,182
14/10/1976 00:00:00,298,369605915941,163
15/10/1976 00:00:00,298,369605915941,147
16/10/1976 00:00:00,298,369605915941,137
17/10/1976 00:00:00,298,369605915941,128
18/10/1976 00:00:00,298,369605915941,122
19/10/1976 00:00:00,298,369605915941,118
20/10/1976 00:00:00,298,369605915941,111
21/10/1976 00:00:00,298,369605915941,117
22/10/1976 00:00:00,298,369605915941,174
23/10/1976 00:00:00,298,369605915941,174
24/10/1976 00:00:00,298,369605915941,160
25/10/1976 00:00:00,298,369605915941,149
26/10/1976 00:00:00,298,369605915941,138
27/10/1976 00:00:00,298,369605915941,131
28/10/1976 00:00:00,298,369605915941,126
29/10/1976 00:00:00,298,369605915941,165
30/10/1976 00:00:00,298,369605915941,199
31/10/1976 00:00:00,298,369605915941,173
01/11/1976 00:00:00,298,369605915941,156
02/11/1976 00:00:00,298,369605915941,144
03/11/1976 00:00:00,298,369605915941,141
04/11/1976 00:00:00,298,369605915941,142
05/11/1976 00:00:00,298,369605915941,156
06/11/1976 00:00:00,298,369605915941,236
07/11/1976 00:00:00,298,369605915941,314
08/11/1976 00:00:00,298,369605915941,331
09/11/1976 00:00:00,298,369605915941,362
10/11/1976 00:00:00,298,369605915941,385
11/11/1976 00:00:00,298,369605915941,357
12/11/1976 00:00:00,298,369605915941,303
13/11/1976 00:00:00,298,369605915941,265
14/11/1976 00:00:00,298,369605915941,255
15/11/1976 00:00:00,298,369605915941,283
16/11/1976 00:00:00,298,369605915941,314
17/11/1976 00:00:00,298,369605915941,300
18/11/1976 00:00:00,298,369605915941,263
19/11/1976 00:00:00,298,369605915941,241
20/11/1976 00:00:00,298,369605915941,227
21/11/1976 00:00:00,298,369605915941,217
22/11/1976 00:00:00,298,369605915941,210
23/11/1976 00:00:00,298,369605915941,204
24/11/1976 00:00:00,298,369605915941,190
25/11/1976 00:00:00,298,369605915941,183
26/11/1976 00:00:00,298,369605915941,178
27/11/1976 00:00:00,298,369605915941,173
28/11/1976 00:00:00,298,369605915941,173
29/11/1976 00:00:00,298,369605915941,180
30/11/1976 00:00:00,298,369605915941,161
01/12/1976 00:00:00,298,369605915941,159
02/12/1976 00:00:00,298,369605915941,165
03/12/1976 00:00:00,298,369605915941,167
04/12/1976 00:00:00,298,369605915941,172
05/12/1976 00:00:00,298,369605915941,168
06/12/1976 00:00:00,298,369605915941,175
07/12/1976 00:00:00,298,369605915941,170
08/12/1976 00:00:00,298,369605915941,173
09/12/1976 00:00:00,298,369605915941,180
10/12/1976 00:00:00,298,369605915941,171
11/12/1976 00:00:00,298,369605915941,261
12/12/1976 00:00:00,298,369605915941,841
13/12/1976 00:00:00,298,369605915941,1290
14/12/1976 00:00:00,298,369605915941,1030
15/12/1976 00:00:00,298,369605915941,521
16/12/1976 00:00:00,298,369605915941,340
17/12/1976 00:00:00,298,369605915941,266
18/12/1976 00:00:00,298,369605915941,249
19/12/1976 00:00:00,298,369605915941,238
20/12/1976 00:00:00,298,369605915941,227
21/12/1976 00:00:00,298,369605915941,221
22/12/1976 00:00:00,298,369605915941,215
23/12/1976 00:00:00,298,369605915941,210
24/12/1976 00:00:00,298,369605915941,204
25/12/1976 00:00:00,298,369605915941,198
26/12/1976 00:00:00,298,369605915941,193
27/12/1976 00:00:00,298,369605915941,190
28/12/1976 00:00:00,298,369605915941,187
29/12/1976 00:00:00,298,369605915941,184
30/12/1976 00:00:00,298,369605915941,181
01/01/1977 00:00:00,298,369605915941,178
02/01/1977 00:00:00,298,369605915941,176
03/01/1977 00:00:00,298,369605915941,173
04/01/1977 00:00:00,298,369605915941,171
05/01/1977 00:00:00,298,369605915941,170
06/01/1977 00:00:00,298,369605915941,167
07/01/1977 00:00:00,298,369605915941,164
08/01/1977 00:00:00,298,369605915941,161
09/01/1977 00:00:00,298,369605915941,160
10/01/1977 00:00:00,298,369605915941,159
11/01/1977 00:00:00,298,369605915941,156
12/01/1977 00:00:00,298,369605915941,153
13/01/1977 00:00:00,298,369605915941,151
14/01/1977 00:00:00,298,369605915941,150
15/01/1977 00:00:00,298,369605915941,149
16/01/1977 00:00:00,298,369605915941,147
17/01/1977 00:00:00,298,369605915941,147
18/01/1977 00:00:00,298,369605915941,146
19/01/1977 00:00:00,298,369605915941,146
20/01/1977 00:00:00,298,369605915941,144
21/01/1977 00:00:00,298,369605915941,144
22/01/1977 00:00:00,298,369605915941,143
23/01/1977 00:00:00,298,369605915941,143
24/01/1977 00:00:00,298,369605915941,142
25/01/1977 00:00:00,298,369605915941,142
26/01/1977 00:00:00,298,369605915941,140
27/01/1977 00:00:00,298,369605915941,140
28/01/1977 00:00:00,298,369605915941,139
29/01/1977 00:00:00,298,369605915941,137
30/01/1977 00:00:00,298,369605915941,137
31/01/1977 00:00:00,298,369605915941,136
01/02/1977 00:00:00,298,369605915941,135
02/02/1977 00:00:00,298,369605915941,133
03/02/1977 00:00:00,298,369605915941,133
04/02/1977 00:00:00,298,369605915941,132
05/02/1977 00:00:00,298,369605915941,132
06/02/1977 00:00:00,298,369605915941,132
07/02/1977 00:00:00,298,369605915941,132
08/02/1977 00:00:00,298,369605915941,130
09/02/1977 00:00:00,298,369605915941,130
10/02/1977 00:00:00,298,369605915941,130
11/02/1977 00:00:00,298,369605915941,130
12/02/1977 00:00:00,298,369605915941,129
13/02/1977 00:00:00,298,369605915941,129
14/02/1977 00:00:00,298,369605915941,129
15/02/1977 00:00:00,298,369605915941,129
16/02/1977 00:00:00,298,369605915941,129
17/02/1977 00:00:00,298,369605915941,127
18/02/1977 00:00:00,298,369605915941,127
19/02/1977 00:00:00,298,369605915941,127
20/02/1977 00:00:00,298,369605915941,127
21/02/1977 00:00:00,298,369605915941,127
22/02/1977 00:00:00,298,369605915941,126
23/02/1977 00:00:00,298,369605915941,126
24/02/1977 00:00:00,298,369605915941,126
25/02/1977 00:00:00,298,369605915941,126
26/02/1977 00:00:00,298,369605915941,126
27/02/1977 00:00:00,298,369605915941,127
28/02/1977 00:00:00,298,369605915941,130
01/03/1977 00:00:00,298,369605915941,133
02/03/1977 00:00:00,298,369605915941,136
03/03/1977 00:00:00,298,369605915941,142
04/03/1977 00:00:00,298,369605915941,150
05/03/1977 00:00:00,298,369605915941,156
06/03/1977 00:00:00,298,369605915941,164
07/03/1977 00:00:00,298,369605915941,170
08/03/1977 00:00:00,298,369605915941,176
09/03/1977 00:00:00,298,369605915941,178
10/03/1977 00:00:00,298,369605915941,181
11/03/1977 00:00:00,298,369605915941,184
12/03/1977 00:00:00,298,369605915941,187
13/03/1977 00:00:00,298,369605915941,190
14/03/1977 00:00:00,298,369605915941,195
15/03/1977 00:00:00,298,369605915941,204
16/03/1977 00:00:00,298,369605915941,215
17/03/1977 00:00:00,298,369605915941,221
18/03/1977 00:00:00,298,369605915941,224
19/03/1977 00:00:00,298,369605915941,233
20/03/1977 00:00:00,298,369605915941,244
21/03/1977 00:00:00,298,369605915941,261
22/03/1977 00:00:00,298,369605915941,283
23/03/1977 00:00:00,298,369605915941,306
24/03/1977 00:00:00,298,369605915941,340
25/03/1977 00:00:00,298,369605915941,425
26/03/1977 00:00:00,298,369605915941,566
27/03/1977 00:00:00,298,369605915941,793
28/03/1977 00:00:00,298,369605915941,1380
29/03/1977 00:00:00,298,369605915941,3370
30/03/1977 00:00:00,298,369605915941,4900
31/03/1977 00:00:00,298,369605915941,4080
01/04/1977 00:00:00,298,369605915941,3310
02/04/1977 00:00:00,298,369605915941,2560
03/04/1977 00:00:00,298,369605915941,1700
04/04/1977 00:00:00,298,369605915941,1130
05/04/1977 00:00:00,298,369605915941,997
06/04/1977 00:00:00,298,369605915941,810
07/04/1977 00:00:00,298,369605915941,651
08/04/1977 00:00:00,298,369605915941,552
09/04/1977 00:00:00,298,369605915941,510
10/04/1977 00:00:00,298,369605915941,476
11/04/1977 00:00:00,298,369605915941,453
12/04/1977 00:00:00,298,369605915941,459
13/04/1977 00:00:00,298,369605915941,668
14/04/1977 00:00:00,298,369605915941,1280
15/04/1977 00:00:00,298,369605915941,1760
16/04/1977 00:00:00,298,369605915941,1780
17/04/1977 00:00:00,298,369605915941,1450
18/04/1977 00:00:00,298,369605915941,1080
19/04/1977 00:00:00,298,369605915941,892
20/04/1977 00:00:00,298,369605915941,801
21/04/1977 00:00:00,298,369605915941,869
22/04/1977 00:00:00,298,369605915941,974
23/04/1977 00:00:00,298,369605915941,844
24/04/1977 00:00:00,298,369605915941,680
25/04/1977 00:00:00,298,369605915941,572
26/04/1977 00:00:00,298,369605915941,549
27/04/1977 00:00:00,298,369605915941,547
28/04/1977 00:00:00,298,369605915941,524
29/04/1977 00:00:00,298,369605915941,507
30/04/1977 00:00:00,298,369605915941,481
01/05/1977 00:00:00,298,369605915941,442
02/05/1977 00:00:00,298,369605915941,402
03/05/1977 00:00:00,298,369605915941,365
04/05/1977 00:00:00,298,369605915941,345
05/05/1977 00:00:00,298,369605915941,328
06/05/1977 00:00:00,298,369605915941,320
07/05/1977 00:00:00,298,369605915941,317
08/05/1977 00:00:00,298,369605915941,323
09/05/1977 00:00:00,298,369605915941,323
10/05/1977 00:00:00,298,369605915941,320
11/05/1977 00:00:00,298,369605915941,303
12/05/1977 00:00:00,298,369605915941,283
13/05/1977 00:00:00,298,369605915941,263
14/05/1977 00:00:00,298,369605915941,247
15/05/1977 00:00:00,298,369605915941,232
16/05/1977 00:00:00,298,369605915941,219
17/05/1977 00:00:00,298,369605915941,212
18/05/1977 00:00:00,298,369605915941,214
19/05/1977 00:00:00,298,369605915941,214
20/05/1977 00:00:00,298,369605915941,199
21/05/1977 00:00:00,298,369605915941,195
22/05/1977 00:00:00,298,369605915941,200
23/05/1977 00:00:00,298,369605915941,186
24/05/1977 00:00:00,298,369605915941,177
25/05/1977 00:00:00,298,369605915941,175
26/05/1977 00:00:00,298,369605915941,172
27/05/1977 00:00:00,298,369605915941,166
28/05/1977 00:00:00,298,369605915941,154
29/05/1977 00:00:00,298,369605915941,158
30/05/1977 00:00:00,298,369605915941,156
31/05/1977 00:00:00,298,369605915941,152
01/06/1977 00:00:00,298,369605915941,149
02/06/1977 00:00:00,298,369605915941,145
03/06/1977 00:00:00,298,369605915941,147
04/06/1977 00:00:00,298,369605915941,152
05/06/1977 00:00:00,298,369605915941,140
06/06/1977 00:00:00,298,369605915941,135
07/06/1977 00:00:00,298,369605915941,133
08/06/1977 00:00:00,298,369605915941,127
09/06/1977 00:00:00,298,369605915941,123
10/06/1977 00:00:00,298,369605915941,119
11/06/1977 00:00:00,298,369605915941,114
12/06/1977 00:00:00,298,369605915941,108
13/06/1977 00:00:00,298,369605915941,106
14/06/1977 00:00:00,298,369605915941,108
15/06/1977 00:00:00,298,369605915941,106
16/06/1977 00:00:00,298,369605915941,106
17/06/1977 00:00:00,298,369605915941,139
18/06/1977 00:00:00,298,369605915941,152
19/06/1977 00:00:00,298,369605915941,138
20/06/1977 00:00:00,298,369605915941,122
21/06/1977 00:00:00,298,369605915941,114
22/06/1977 00:00:00,298,369605915941,119
23/06/1977 00:00:00,298,369605915941,133
24/06/1977 00:00:00,298,369605915941,116
25/06/1977 00:00:00,298,369605915941,107
26/06/1977 00:00:00,298,369605915941,105
27/06/1977 00:00:00,298,369605915941,100
28/06/1977 00:00:00,298,369605915941,97
29/06/1977 00:00:00,298,369605915941,95
30/06/1977 00:00:00,298,369605915941,94
01/07/1977 00:00:00,298,369605915941,91
02/07/1977 00:00:00,298,369605915941,90
03/07/1977 00:00:00,298,369605915941,108
04/07/1977 00:00:00,298,369605915941,118
05/07/1977 00:00:00,298,369605915941,112
06/07/1977 00:00:00,298,369605915941,104
07/07/1977 00:00:00,298,369605915941,97
08/07/1977 00:00:00,298,369605915941,93
09/07/1977 00:00:00,298,369605915941,87
10/07/1977 00:00:00,298,369605915941,83
11/07/1977 00:00:00,298,369605915941,115
12/07/1977 00:00:00,298,369605915941,120
13/07/1977 00:00:00,298,369605915941,106
14/07/1977 00:00:00,298,369605915941,94
15/07/1977 00:00:00,298,369605915941,117
16/07/1977 00:00:00,298,369605915941,149
17/07/1977 00:00:00,298,369605915941,135
18/07/1977 00:00:00,298,369605915941,118
19/07/1977 00:00:00,298,369605915941,106
20/07/1977 00:00:00,298,369605915941,100
21/07/1977 00:00:00,298,369605915941,95
22/07/1977 00:00:00,298,369605915941,145
23/07/1977 00:00:00,298,369605915941,234
24/07/1977 00:00:00,298,369605915941,246
25/07/1977 00:00:00,298,369605915941,194
26/07/1977 00:00:00,298,369605915941,160
27/07/1977 00:00:00,298,369605915941,135
28/07/1977 00:00:00,298,369605915941,117
29/07/1977 00:00:00,298,369605915941,115
30/07/1977 00:00:00,298,369605915941,109
31/07/1977 00:00:00,298,369605915941,99
01/08/1977 00:00:00,298,369605915941,93
02/08/1977 00:00:00,298,369605915941,92
03/08/1977 00:00:00,298,369605915941,88
04/08/1977 00:00:00,298,369605915941,85
05/08/1977 00:00:00,298,369605915941,82
06/08/1977 00:00:00,298,369605915941,77
07/08/1977 00:00:00,298,369605915941,72
08/08/1977 00:00:00,298,369605915941,69
09/08/1977 00:00:00,298,369605915941,69
10/08/1977 00:00:00,298,369605915941,70
11/08/1977 00:00:00,298,369605915941,71
12/08/1977 00:00:00,298,369605915941,67
13/08/1977 00:00:00,298,369605915941,63
14/08/1977 00:00:00,298,369605915941,65
15/08/1977 00:00:00,298,369605915941,69
16/08/1977 00:00:00,298,369605915941,74
17/08/1977 00:00:00,298,369605915941,93
18/08/1977 00:00:00,298,369605915941,88
19/08/1977 00:00:00,298,369605915941,85
20/08/1977 00:00:00,298,369605915941,80
21/08/1977 00:00:00,298,369605915941,103
22/08/1977 00:00:00,298,369605915941,164
23/08/1977 00:00:00,298,369605915941,163
24/08/1977 00:00:00,298,369605915941,136
25/08/1977 00:00:00,298,369605915941,123
26/08/1977 00:00:00,298,369605915941,131
27/08/1977 00:00:00,298,369605915941,151
28/08/1977 00:00:00,298,369605915941,133
29/08/1977 00:00:00,298,369605915941,114
30/08/1977 00:00:00,298,369605915941,110
31/08/1977 00:00:00,298,369605915941,110
01/09/1977 00:00:00,298,369605915941,306
02/09/1977 00:00:00,298,369605915941,1200
03/09/1977 00:00:00,298,369605915941,1020
04/09/1977 00:00:00,298,369605915941,688
05/09/1977 00:00:00,298,369605915941,445
06/09/1977 00:00:00,298,369605915941,323
07/09/1977 00:00:00,298,369605915941,382
08/09/1977 00:00:00,298,369605915941,411
09/09/1977 00:00:00,298,369605915941,405
10/09/1977 00:00:00,298,369605915941,343
11/09/1977 00:00:00,298,369605915941,274
12/09/1977 00:00:00,298,369605915941,223
13/09/1977 00:00:00,298,369605915941,191
14/09/1977 00:00:00,298,369605915941,173
15/09/1977 00:00:00,298,369605915941,174
16/09/1977 00:00:00,298,369605915941,159
17/09/1977 00:00:00,298,369605915941,234
18/09/1977 00:00:00,298,369605915941,396
19/09/1977 00:00:00,298,369605915941,527
20/09/1977 00:00:00,298,369605915941,436
21/09/1977 00:00:00,298,369605915941,326
22/09/1977 00:00:00,298,369605915941,248
23/09/1977 00:00:00,298,369605915941,204
24/09/1977 00:00:00,298,369605915941,179
25/09/1977 00:00:00,298,369605915941,167
26/09/1977 00:00:00,298,369605915941,153
27/09/1977 00:00:00,298,369605915941,141
28/09/1977 00:00:00,298,369605915941,134
29/09/1977 00:00:00,298,369605915941,130
30/09/1977 00:00:00,298,369605915941,136
01/10/1977 00:00:00,298,369605915941,131
02/10/1977 00:00:00,298,369605915941,138
03/10/1977 00:00:00,298,369605915941,167
04/10/1977 00:00:00,298,369605915941,176
05/10/1977 00:00:00,298,369605915941,179
06/10/1977 00:00:00,298,369605915941,232
07/10/1977 00:00:00,298,369605915941,275
08/10/1977 00:00:00,298,369605915941,286
09/10/1977 00:00:00,298,369605915941,283
10/10/1977 00:00:00,298,369605915941,276
11/10/1977 00:00:00,298,369605915941,549
12/10/1977 00:00:00,298,369605915941,733
13/10/1977 00:00:00,298,369605915941,883
14/10/1977 00:00:00,298,369605915941,773
15/10/1977 00:00:00,298,369605915941,646
16/10/1977 00:00:00,298,369605915941,510
17/10/1977 00:00:00,298,369605915941,609
18/10/1977 00:00:00,298,369605915941,1070
19/10/1977 00:00:00,298,369605915941,1010
20/10/1977 00:00:00,298,369605915941,756
21/10/1977 00:00:00,298,369605915941,541
22/10/1977 00:00:00,298,369605915941,425
23/10/1977 00:00:00,298,369605915941,365
24/10/1977 00:00:00,298,369605915941,362
25/10/1977 00:00:00,298,369605915941,600
26/10/1977 00:00:00,298,369605915941,668
27/10/1977 00:00:00,298,369605915941,631
28/10/1977 00:00:00,298,369605915941,614
29/10/1977 00:00:00,298,369605915941,612
30/10/1977 00:00:00,298,369605915941,549
31/10/1977 00:00:00,298,369605915941,476
01/11/1977 00:00:00,298,369605915941,496
02/11/1977 00:00:00,298,369605915941,504
03/11/1977 00:00:00,298,369605915941,487
04/11/1977 00:00:00,298,369605915941,447
05/11/1977 00:00:00,298,369605915941,413
06/11/1977 00:00:00,298,369605915941,374
07/11/1977 00:00:00,298,369605915941,340
08/11/1977 00:00:00,298,369605915941,309
09/11/1977 00:00:00,298,369605915941,286
10/11/1977 00:00:00,298,369605915941,270
11/11/1977 00:00:00,298,369605915941,258
12/11/1977 00:00:00,298,369605915941,250
13/11/1977 00:00:00,298,369605915941,240
14/11/1977 00:00:00,298,369605915941,229
15/11/1977 00:00:00,298,369605915941,220
16/11/1977 00:00:00,298,369605915941,212
17/11/1977 00:00:00,298,369605915941,207
18/11/1977 00:00:00,298,369605915941,208
19/11/1977 00:00:00,298,369605915941,204
20/11/1977 00:00:00,298,369605915941,212
21/11/1977 00:00:00,298,369605915941,216
22/11/1977 00:00:00,298,369605915941,213
23/11/1977 00:00:00,298,369605915941,215
24/11/1977 00:00:00,298,369605915941,227
25/11/1977 00:00:00,298,369605915941,226
26/11/1977 00:00:00,298,369605915941,280
27/11/1977 00:00:00,298,369605915941,481
28/11/1977 00:00:00,298,369605915941,566
29/11/1977 00:00:00,298,369605915941,498
30/11/1977 00:00:00,298,369605915941,413
01/12/1977 00:00:00,298,369605915941,371
02/12/1977 00:00:00,298,369605915941,416
03/12/1977 00:00:00,298,369605915941,564
04/12/1977 00:00:00,298,369605915941,612
05/12/1977 00:00:00,298,369605915941,637
06/12/1977 00:00:00,298,369605915941,617
07/12/1977 00:00:00,298,369605915941,759
08/12/1977 00:00:00,298,369605915941,915
09/12/1977 00:00:00,298,369605915941,767
10/12/1977 00:00:00,298,369605915941,623
11/12/1977 00:00:00,298,369605915941,538
12/12/1977 00:00:00,298,369605915941,473
13/12/1977 00:00:00,298,369605915941,368
14/12/1977 00:00:00,298,369605915941,340
15/12/1977 00:00:00,298,369605915941,314
16/12/1977 00:00:00,298,369605915941,300
17/12/1977 00:00:00,298,369605915941,496
18/12/1977 00:00:00,298,369605915941,835
19/12/1977 00:00:00,298,369605915941,816
20/12/1977 00:00:00,298,369605915941,657
21/12/1977 00:00:00,298,369605915941,368
22/12/1977 00:00:00,298,369605915941,311
23/12/1977 00:00:00,298,369605915941,283
24/12/1977 00:00:00,298,369605915941,269
25/12/1977 00:00:00,298,369605915941,258
26/12/1977 00:00:00,298,369605915941,249
27/12/1977 00:00:00,298,369605915941,244
28/12/1977 00:00:00,298,369605915941,238
29/12/1977 00:00:00,298,369605915941,246
30/12/1977 00:00:00,298,369605915941,311
31/12/1977 00:00:00,298,369605915941,382
01/01/1978 00:00:00,298,369605915941,411
02/01/1978 00:00:00,298,369605915941,425
03/01/1978 00:00:00,298,369605915941,396
04/01/1978 00:00:00,298,369605915941,382
05/01/1978 00:00:00,298,369605915941,391
06/01/1978 00:00:00,298,369605915941,368
07/01/1978 00:00:00,298,369605915941,340
08/01/1978 00:00:00,298,369605915941,311
09/01/1978 00:00:00,298,369605915941,297
10/01/1978 00:00:00,298,369605915941,311
11/01/1978 00:00:00,298,369605915941,249
12/01/1978 00:00:00,298,369605915941,241
13/01/1978 00:00:00,298,369605915941,235
14/01/1978 00:00:00,298,369605915941,229
15/01/1978 00:00:00,298,369605915941,224
16/01/1978 00:00:00,298,369605915941,218
17/01/1978 00:00:00,298,369605915941,214
18/01/1978 00:00:00,298,369605915941,210
19/01/1978 00:00:00,298,369605915941,208
20/01/1978 00:00:00,298,369605915941,206
21/01/1978 00:00:00,298,369605915941,204
22/01/1978 00:00:00,298,369605915941,202
23/01/1978 00:00:00,298,369605915941,200
24/01/1978 00:00:00,298,369605915941,230
25/01/1978 00:00:00,298,369605915941,270
26/01/1978 00:00:00,298,369605915941,240
27/01/1978 00:00:00,298,369605915941,220
28/01/1978 00:00:00,298,369605915941,212
29/01/1978 00:00:00,298,369605915941,206
30/01/1978 00:00:00,298,369605915941,200
31/01/1978 00:00:00,298,369605915941,196
01/02/1978 00:00:00,298,369605915941,193
02/02/1978 00:00:00,298,369605915941,190
03/02/1978 00:00:00,298,369605915941,188
04/02/1978 00:00:00,298,369605915941,186
05/02/1978 00:00:00,298,369605915941,184
06/02/1978 00:00:00,298,369605915941,183
07/02/1978 00:00:00,298,369605915941,182
08/02/1978 00:00:00,298,369605915941,181
09/02/1978 00:00:00,298,369605915941,180
10/02/1978 00:00:00,298,369605915941,190
11/02/1978 00:00:00,298,369605915941,210
12/02/1978 00:00:00,298,369605915941,220
13/02/1978 00:00:00,298,369605915941,210
14/02/1978 00:00:00,298,369605915941,200
15/02/1978 00:00:00,298,369605915941,190
16/02/1978 00:00:00,298,369605915941,185
17/02/1978 00:00:00,298,369605915941,182
18/02/1978 00:00:00,298,369605915941,180
19/02/1978 00:00:00,298,369605915941,178
20/02/1978 00:00:00,298,369605915941,177
21/02/1978 00:00:00,298,369605915941,176
22/02/1978 00:00:00,298,369605915941,175
23/02/1978 00:00:00,298,369605915941,175
24/02/1978 00:00:00,298,369605915941,174
25/02/1978 00:00:00,298,369605915941,174
26/02/1978 00:00:00,298,369605915941,174
27/02/1978 00:00:00,298,369605915941,173
28/02/1978 00:00:00,298,369605915941,173
01/03/1978 00:00:00,298,369605915941,173
02/03/1978 00:00:00,298,369605915941,173
03/03/1978 00:00:00,298,369605915941,172
04/03/1978 00:00:00,298,369605915941,172
05/03/1978 00:00:00,298,369605915941,172
06/03/1978 00:00:00,298,369605915941,171
07/03/1978 00:00:00,298,369605915941,171
08/03/1978 00:00:00,298,369605915941,171
09/03/1978 00:00:00,298,369605915941,171
10/03/1978 00:00:00,298,369605915941,170
11/03/1978 00:00:00,298,369605915941,170
12/03/1978 00:00:00,298,369605915941,170
13/03/1978 00:00:00,298,369605915941,170
14/03/1978 00:00:00,298,369605915941,169
15/03/1978 00:00:00,298,369605915941,169
16/03/1978 00:00:00,298,369605915941,169
17/03/1978 00:00:00,298,369605915941,168
18/03/1978 00:00:00,298,369605915941,168
19/03/1978 00:00:00,298,369605915941,168
20/03/1978 00:00:00,298,369605915941,167
21/03/1978 00:00:00,298,369605915941,167
22/03/1978 00:00:00,298,369605915941,167
23/03/1978 00:00:00,298,369605915941,166
24/03/1978 00:00:00,298,369605915941,166
25/03/1978 00:00:00,298,369605915941,166
26/03/1978 00:00:00,298,369605915941,165
27/03/1978 00:00:00,298,369605915941,165
28/03/1978 00:00:00,298,369605915941,165
29/03/1978 00:00:00,298,369605915941,180
30/03/1978 00:00:00,298,369605915941,190
31/03/1978 00:00:00,298,369605915941,205
01/04/1978 00:00:00,298,369605915941,220
02/04/1978 00:00:00,298,369605915941,220
03/04/1978 00:00:00,298,369605915941,220
04/04/1978 00:00:00,298,369605915941,220
05/04/1978 00:00:00,298,369605915941,230
06/04/1978 00:00:00,298,369605915941,250
07/04/1978 00:00:00,298,369605915941,300
08/04/1978 00:00:00,298,369605915941,371
09/04/1978 00:00:00,298,369605915941,481
10/04/1978 00:00:00,298,369605915941,470
11/04/1978 00:00:00,298,369605915941,439
12/04/1978 00:00:00,298,369605915941,419
13/04/1978 00:00:00,298,369605915941,405
14/04/1978 00:00:00,298,369605915941,394
15/04/1978 00:00:00,298,369605915941,377
16/04/1978 00:00:00,298,369605915941,436
17/04/1978 00:00:00,298,369605915941,748
18/04/1978 00:00:00,298,369605915941,892
19/04/1978 00:00:00,298,369605915941,872
20/04/1978 00:00:00,298,369605915941,810
21/04/1978 00:00:00,298,369605915941,963
22/04/1978 00:00:00,298,369605915941,1080
23/04/1978 00:00:00,298,369605915941,1290
24/04/1978 00:00:00,298,369605915941,1410
25/04/1978 00:00:00,298,369605915941,1300
26/04/1978 00:00:00,298,369605915941,1220
27/04/1978 00:00:00,298,369605915941,1530
28/04/1978 00:00:00,298,369605915941,2460
29/04/1978 00:00:00,298,369605915941,2390
30/04/1978 00:00:00,298,369605915941,2150
01/05/1978 00:00:00,298,369605915941,1490
02/05/1978 00:00:00,298,369605915941,1040
03/05/1978 00:00:00,298,369605915941,833
04/05/1978 00:00:00,298,369605915941,762
05/05/1978 00:00:00,298,369605915941,818
06/05/1978 00:00:00,298,369605915941,1010
07/05/1978 00:00:00,298,369605915941,1120
08/05/1978 00:00:00,298,369605915941,994
09/05/1978 00:00:00,298,369605915941,793
10/05/1978 00:00:00,298,369605915941,663
11/05/1978 00:00:00,298,369605915941,578
12/05/1978 00:00:00,298,369605915941,527
13/05/1978 00:00:00,298,369605915941,490
14/05/1978 00:00:00,298,369605915941,450
15/05/1978 00:00:00,298,369605915941,411
16/05/1978 00:00:00,298,369605915941,377
17/05/1978 00:00:00,298,369605915941,348
18/05/1978 00:00:00,298,369605915941,320
19/05/1978 00:00:00,298,369605915941,297
20/05/1978 00:00:00,298,369605915941,281
21/05/1978 00:00:00,298,369605915941,268
22/05/1978 00:00:00,298,369605915941,279
23/05/1978 00:00:00,298,369605915941,275
24/05/1978 00:00:00,298,369605915941,274
25/05/1978 00:00:00,298,369605915941,422
26/05/1978 00:00:00,298,369605915941,498
27/05/1978 00:00:00,298,369605915941,479
28/05/1978 00:00:00,298,369605915941,442
29/05/1978 00:00:00,298,369605915941,445
30/05/1978 00:00:00,298,369605915941,555
31/05/1978 00:00:00,298,369605915941,711
01/06/1978 00:00:00,298,369605915941,677
02/06/1978 00:00:00,298,369605915941,538
03/06/1978 00:00:00,298,369605915941,416
04/06/1978 00:00:00,298,369605915941,354
05/06/1978 00:00:00,298,369605915941,328
06/06/1978 00:00:00,298,369605915941,547
07/06/1978 00:00:00,298,369605915941,578
08/06/1978 00:00:00,298,369605915941,459
09/06/1978 00:00:00,298,369605915941,354
10/06/1978 00:00:00,298,369605915941,297
11/06/1978 00:00:00,298,369605915941,255
12/06/1978 00:00:00,298,369605915941,229
13/06/1978 00:00:00,298,369605915941,211
14/06/1978 00:00:00,298,369605915941,197
15/06/1978 00:00:00,298,369605915941,185
16/06/1978 00:00:00,298,369605915941,176
17/06/1978 00:00:00,298,369605915941,173
18/06/1978 00:00:00,298,369605915941,166
19/06/1978 00:00:00,298,369605915941,156
20/06/1978 00:00:00,298,369605915941,150
21/06/1978 00:00:00,298,369605915941,169
22/06/1978 00:00:00,298,369605915941,178
23/06/1978 00:00:00,298,369605915941,168
24/06/1978 00:00:00,298,369605915941,161
25/06/1978 00:00:00,298,369605915941,158
26/06/1978 00:00:00,298,369605915941,150
27/06/1978 00:00:00,298,369605915941,140
28/06/1978 00:00:00,298,369605915941,146
29/06/1978 00:00:00,298,369605915941,247
30/06/1978 00:00:00,298,369605915941,270
01/07/1978 00:00:00,298,369605915941,230
02/07/1978 00:00:00,298,369605915941,204
03/07/1978 00:00:00,298,369605915941,188
04/07/1978 00:00:00,298,369605915941,405
05/07/1978 00:00:00,298,369605915941,439
06/07/1978 00:00:00,298,369605915941,345
07/07/1978 00:00:00,298,369605915941,286
08/07/1978 00:00:00,298,369605915941,247
09/07/1978 00:00:00,298,369605915941,205
10/07/1978 00:00:00,298,369605915941,180
11/07/1978 00:00:00,298,369605915941,162
12/07/1978 00:00:00,298,369605915941,149
13/07/1978 00:00:00,298,369605915941,139
14/07/1978 00:00:00,298,369605915941,130
15/07/1978 00:00:00,298,369605915941,123
16/07/1978 00:00:00,298,369605915941,118
17/07/1978 00:00:00,298,369605915941,110
18/07/1978 00:00:00,298,369605915941,107
19/07/1978 00:00:00,298,369605915941,103
20/07/1978 00:00:00,298,369605915941,104
21/07/1978 00:00:00,298,369605915941,101
22/07/1978 00:00:00,298,369605915941,100
23/07/1978 00:00:00,298,369605915941,97
24/07/1978 00:00:00,298,369605915941,98
25/07/1978 00:00:00,298,369605915941,98
26/07/1978 00:00:00,298,369605915941,98
27/07/1978 00:00:00,298,369605915941,94
28/07/1978 00:00:00,298,369605915941,92
29/07/1978 00:00:00,298,369605915941,89
30/07/1978 00:00:00,298,369605915941,88
31/07/1978 00:00:00,298,369605915941,88
01/08/1978 00:00:00,298,369605915941,85
02/08/1978 00:00:00,298,369605915941,82
03/08/1978 00:00:00,298,369605915941,84
04/08/1978 00:00:00,298,369605915941,82
05/08/1978 00:00:00,298,369605915941,82
06/08/1978 00:00:00,298,369605915941,97
07/08/1978 00:00:00,298,369605915941,108
08/08/1978 00:00:00,298,369605915941,107
09/08/1978 00:00:00,298,369605915941,101
10/08/1978 00:00:00,298,369605915941,95
11/08/1978 00:00:00,298,369605915941,91
12/08/1978 00:00:00,298,369605915941,96
13/08/1978 00:00:00,298,369605915941,101
14/08/1978 00:00:00,298,369605915941,98
15/08/1978 00:00:00,298,369605915941,99
16/08/1978 00:00:00,298,369605915941,94
17/08/1978 00:00:00,298,369605915941,89
18/08/1978 00:00:00,298,369605915941,87
19/08/1978 00:00:00,298,369605915941,98
20/08/1978 00:00:00,298,369605915941,107
21/08/1978 00:00:00,298,369605915941,93
22/08/1978 00:00:00,298,369605915941,87
23/08/1978 00:00:00,298,369605915941,83
24/08/1978 00:00:00,298,369605915941,82
25/08/1978 00:00:00,298,369605915941,93
26/08/1978 00:00:00,298,369605915941,124
27/08/1978 00:00:00,298,369605915941,107
28/08/1978 00:00:00,298,369605915941,93
29/08/1978 00:00:00,298,369605915941,85
30/08/1978 00:00:00,298,369605915941,81
31/08/1978 00:00:00,298,369605915941,97
01/09/1978 00:00:00,298,369605915941,120
02/09/1978 00:00:00,298,369605915941,116
03/09/1978 00:00:00,298,369605915941,127
04/09/1978 00:00:00,298,369605915941,130
05/09/1978 00:00:00,298,369605915941,110
06/09/1978 00:00:00,298,369605915941,105
07/09/1978 00:00:00,298,369605915941,100
08/09/1978 00:00:00,298,369605915941,94
09/09/1978 00:00:00,298,369605915941,95
10/09/1978 00:00:00,298,369605915941,105
11/09/1978 00:00:00,298,369605915941,116
12/09/1978 00:00:00,298,369605915941,108
13/09/1978 00:00:00,298,369605915941,107
14/09/1978 00:00:00,298,369605915941,117
15/09/1978 00:00:00,298,369605915941,115
16/09/1978 00:00:00,298,369605915941,104
17/09/1978 00:00:00,298,369605915941,96
18/09/1978 00:00:00,298,369605915941,87
19/09/1978 00:00:00,298,369605915941,90
20/09/1978 00:00:00,298,369605915941,94
21/09/1978 00:00:00,298,369605915941,91
22/09/1978 00:00:00,298,369605915941,89
23/09/1978 00:00:00,298,369605915941,85
24/09/1978 00:00:00,298,369605915941,82
25/09/1978 00:00:00,298,369605915941,81
26/09/1978 00:00:00,298,369605915941,83
27/09/1978 00:00:00,298,369605915941,99
28/09/1978 00:00:00,298,369605915941,154
29/09/1978 00:00:00,298,369605915941,139
30/09/1978 00:00:00,298,369605915941,156
01/10/1978 00:00:00,298,369605915941,248
02/10/1978 00:00:00,298,369605915941,220
03/10/1978 00:00:00,298,369605915941,182
04/10/1978 00:00:00,298,369605915941,241
05/10/1978 00:00:00,298,369605915941,473
06/10/1978 00:00:00,298,369605915941,479
07/10/1978 00:00:00,298,369605915941,558
08/10/1978 00:00:00,298,369605915941,524
09/10/1978 00:00:00,298,369605915941,408
10/10/1978 00:00:00,298,369605915941,314
11/10/1978 00:00:00,298,369605915941,246
12/10/1978 00:00:00,298,369605915941,203
13/10/1978 00:00:00,298,369605915941,176
14/10/1978 00:00:00,298,369605915941,166
15/10/1978 00:00:00,298,369605915941,153
16/10/1978 00:00:00,298,369605915941,149
17/10/1978 00:00:00,298,369605915941,163
18/10/1978 00:00:00,298,369605915941,164
19/10/1978 00:00:00,298,369605915941,158
20/10/1978 00:00:00,298,369605915941,255
21/10/1978 00:00:00,298,369605915941,365
22/10/1978 00:00:00,298,369605915941,351
23/10/1978 00:00:00,298,369605915941,391
24/10/1978 00:00:00,298,369605915941,385
25/10/1978 00:00:00,298,369605915941,320
26/10/1978 00:00:00,298,369605915941,268
27/10/1978 00:00:00,298,369605915941,230
28/10/1978 00:00:00,298,369605915941,208
29/10/1978 00:00:00,298,369605915941,195
30/10/1978 00:00:00,298,369605915941,178
31/10/1978 00:00:00,298,369605915941,163
01/11/1978 00:00:00,298,369605915941,154
02/11/1978 00:00:00,298,369605915941,144
03/11/1978 00:00:00,298,369605915941,136
04/11/1978 00:00:00,298,369605915941,136
05/11/1978 00:00:00,298,369605915941,134
06/11/1978 00:00:00,298,369605915941,132
07/11/1978 00:00:00,298,369605915941,130
08/11/1978 00:00:00,298,369605915941,129
09/11/1978 00:00:00,298,369605915941,125
10/11/1978 00:00:00,298,369605915941,124
11/11/1978 00:00:00,298,369605915941,172
12/11/1978 00:00:00,298,369605915941,217
13/11/1978 00:00:00,298,369605915941,225
14/11/1978 00:00:00,298,369605915941,211
15/11/1978 00:00:00,298,369605915941,195
16/11/1978 00:00:00,298,369605915941,176
17/11/1978 00:00:00,298,369605915941,163
18/11/1978 00:00:00,298,369605915941,153
19/11/1978 00:00:00,298,369605915941,146
20/11/1978 00:00:00,298,369605915941,138
21/11/1978 00:00:00,298,369605915941,134
22/11/1978 00:00:00,298,369605915941,135
23/11/1978 00:00:00,298,369605915941,140
24/11/1978 00:00:00,298,369605915941,127
25/11/1978 00:00:00,298,369605915941,122
26/11/1978 00:00:00,298,369605915941,119
27/11/1978 00:00:00,298,369605915941,117
28/11/1978 00:00:00,298,369605915941,116
29/11/1978 00:00:00,298,369605915941,116
30/11/1978 00:00:00,298,369605915941,157
01/12/1978 00:00:00,298,369605915941,214
02/12/1978 00:00:00,298,369605915941,226
03/12/1978 00:00:00,298,369605915941,219
04/12/1978 00:00:00,298,369605915941,286
05/12/1978 00:00:00,298,369605915941,357
06/12/1978 00:00:00,298,369605915941,328
07/12/1978 00:00:00,298,369605915941,269
08/12/1978 00:00:00,298,369605915941,221
09/12/1978 00:00:00,298,369605915941,201
10/12/1978 00:00:00,298,369605915941,249
11/12/1978 00:00:00,298,369605915941,309
12/12/1978 00:00:00,298,369605915941,270
13/12/1978 00:00:00,298,369605915941,190
14/12/1978 00:00:00,298,369605915941,170
15/12/1978 00:00:00,298,369605915941,180
16/12/1978 00:00:00,298,369605915941,160
17/12/1978 00:00:00,298,369605915941,153
18/12/1978 00:00:00,298,369605915941,150
19/12/1978 00:00:00,298,369605915941,155
20/12/1978 00:00:00,298,369605915941,220
21/12/1978 00:00:00,298,369605915941,270
22/12/1978 00:00:00,298,369605915941,320
23/12/1978 00:00:00,298,369605915941,289
24/12/1978 00:00:00,298,369605915941,270
25/12/1978 00:00:00,298,369605915941,250
26/12/1978 00:00:00,298,369605915941,210
27/12/1978 00:00:00,298,369605915941,195
28/12/1978 00:00:00,298,369605915941,185
29/12/1978 00:00:00,298,369605915941,187
30/12/1978 00:00:00,298,369605915941,190
31/12/1978 00:00:00,298,369605915941,195
01/01/1979 00:00:00,298,369605915941,205
02/01/1979 00:00:00,298,369605915941,200
03/01/1979 00:00:00,298,369605915941,195
04/01/1979 00:00:00,298,369605915941,190
05/01/1979 00:00:00,298,369605915941,240
06/01/1979 00:00:00,298,369605915941,230
07/01/1979 00:00:00,298,369605915941,210
08/01/1979 00:00:00,298,369605915941,190
09/01/1979 00:00:00,298,369605915941,180
10/01/1979 00:00:00,298,369605915941,170
11/01/1979 00:00:00,298,369605915941,160
12/01/1979 00:00:00,298,369605915941,150
13/01/1979 00:00:00,298,369605915941,145
14/01/1979 00:00:00,298,369605915941,140
15/01/1979 00:00:00,298,369605915941,160
16/01/1979 00:00:00,298,369605915941,190
17/01/1979 00:00:00,298,369605915941,280
18/01/1979 00:00:00,298,369605915941,420
19/01/1979 00:00:00,298,369605915941,370
20/01/1979 00:00:00,298,369605915941,330
21/01/1979 00:00:00,298,369605915941,310
22/01/1979 00:00:00,298,369605915941,290
23/01/1979 00:00:00,298,369605915941,270
24/01/1979 00:00:00,298,369605915941,260
25/01/1979 00:00:00,298,369605915941,250
26/01/1979 00:00:00,298,369605915941,240
27/01/1979 00:00:00,298,369605915941,230
28/01/1979 00:00:00,298,369605915941,220
29/01/1979 00:00:00,298,369605915941,210
30/01/1979 00:00:00,298,369605915941,205
31/01/1979 00:00:00,298,369605915941,200
01/02/1979 00:00:00,298,369605915941,195
02/02/1979 00:00:00,298,369605915941,190
03/02/1979 00:00:00,298,369605915941,185
04/02/1979 00:00:00,298,369605915941,180
05/02/1979 00:00:00,298,369605915941,175
06/02/1979 00:00:00,298,369605915941,170
07/02/1979 00:00:00,298,369605915941,165
08/02/1979 00:00:00,298,369605915941,160
09/02/1979 00:00:00,298,369605915941,180
10/02/1979 00:00:00,298,369605915941,200
11/02/1979 00:00:00,298,369605915941,190
12/02/1979 00:00:00,298,369605915941,180
13/02/1979 00:00:00,298,369605915941,175
14/02/1979 00:00:00,298,369605915941,170
15/02/1979 00:00:00,298,369605915941,165
16/02/1979 00:00:00,298,369605915941,160
17/02/1979 00:00:00,298,369605915941,156
18/02/1979 00:00:00,298,369605915941,152
19/02/1979 00:00:00,298,369605915941,149
20/02/1979 00:00:00,298,369605915941,146
21/02/1979 00:00:00,298,369605915941,143
22/02/1979 00:00:00,298,369605915941,140
23/02/1979 00:00:00,298,369605915941,137
24/02/1979 00:00:00,298,369605915941,134
25/02/1979 00:00:00,298,369605915941,131
26/02/1979 00:00:00,298,369605915941,129
27/02/1979 00:00:00,298,369605915941,126
28/02/1979 00:00:00,298,369605915941,124
01/03/1979 00:00:00,298,369605915941,122
02/03/1979 00:00:00,298,369605915941,120
03/03/1979 00:00:00,298,369605915941,118
04/03/1979 00:00:00,298,369605915941,116
05/03/1979 00:00:00,298,369605915941,114
06/03/1979 00:00:00,298,369605915941,112
07/03/1979 00:00:00,298,369605915941,111
08/03/1979 00:00:00,298,369605915941,110
09/03/1979 00:00:00,298,369605915941,112
10/03/1979 00:00:00,298,369605915941,125
11/03/1979 00:00:00,298,369605915941,145
12/03/1979 00:00:00,298,369605915941,160
13/03/1979 00:00:00,298,369605915941,180
14/03/1979 00:00:00,298,369605915941,194
15/03/1979 00:00:00,298,369605915941,190
16/03/1979 00:00:00,298,369605915941,180
17/03/1979 00:00:00,298,369605915941,180
18/03/1979 00:00:00,298,369605915941,175
19/03/1979 00:00:00,298,369605915941,175
20/03/1979 00:00:00,298,369605915941,400
21/03/1979 00:00:00,298,369605915941,800
22/03/1979 00:00:00,298,369605915941,760
23/03/1979 00:00:00,298,369605915941,720
24/03/1979 00:00:00,298,369605915941,670
25/03/1979 00:00:00,298,369605915941,630
26/03/1979 00:00:00,298,369605915941,600
27/03/1979 00:00:00,298,369605915941,570
28/03/1979 00:00:00,298,369605915941,540
29/03/1979 00:00:00,298,369605915941,540
30/03/1979 00:00:00,298,369605915941,700
31/03/1979 00:00:00,298,369605915941,670
01/04/1979 00:00:00,298,369605915941,630
02/04/1979 00:00:00,298,369605915941,580
03/04/1979 00:00:00,298,369605915941,750
04/04/1979 00:00:00,298,369605915941,1020
05/04/1979 00:00:00,298,369605915941,1190
06/04/1979 00:00:00,298,369605915941,1390
07/04/1979 00:00:00,298,369605915941,1630
08/04/1979 00:00:00,298,369605915941,1900
09/04/1979 00:00:00,298,369605915941,2330
10/04/1979 00:00:00,298,369605915941,2910
11/04/1979 00:00:00,298,369605915941,2630
12/04/1979 00:00:00,298,369605915941,1550
13/04/1979 00:00:00,298,369605915941,1040
14/04/1979 00:00:00,298,369605915941,952
15/04/1979 00:00:00,298,369605915941,1210
16/04/1979 00:00:00,298,369605915941,1960
17/04/1979 00:00:00,298,369605915941,2130
18/04/1979 00:00:00,298,369605915941,1580
19/04/1979 00:00:00,298,369605915941,1410
20/04/1979 00:00:00,298,369605915941,1210
21/04/1979 00:00:00,298,369605915941,993
22/04/1979 00:00:00,298,369605915941,838
23/04/1979 00:00:00,298,369605915941,607
24/04/1979 00:00:00,298,369605915941,676
25/04/1979 00:00:00,298,369605915941,682
26/04/1979 00:00:00,298,369605915941,666
27/04/1979 00:00:00,298,369605915941,694
28/04/1979 00:00:00,298,369605915941,758
29/04/1979 00:00:00,298,369605915941,988
30/04/1979 00:00:00,298,369605915941,3060
01/05/1979 00:00:00,298,369605915941,4250
02/05/1979 00:00:00,298,369605915941,3120
03/05/1979 00:00:00,298,369605915941,1900
04/05/1979 00:00:00,298,369605915941,1300
05/05/1979 00:00:00,298,369605915941,1010
06/05/1979 00:00:00,298,369605915941,835
07/05/1979 00:00:00,298,369605915941,728
08/05/1979 00:00:00,298,369605915941,686
09/05/1979 00:00:00,298,369605915941,642
10/05/1979 00:00:00,298,369605915941,584
11/05/1979 00:00:00,298,369605915941,536
12/05/1979 00:00:00,298,369605915941,527
13/05/1979 00:00:00,298,369605915941,719
14/05/1979 00:00:00,298,369605915941,701
15/05/1979 00:00:00,298,369605915941,625
16/05/1979 00:00:00,298,369605915941,570
17/05/1979 00:00:00,298,369605915941,585
18/05/1979 00:00:00,298,369605915941,557
19/05/1979 00:00:00,298,369605915941,537
20/05/1979 00:00:00,298,369605915941,589
21/05/1979 00:00:00,298,369605915941,574
22/05/1979 00:00:00,298,369605915941,570
23/05/1979 00:00:00,298,369605915941,673
24/05/1979 00:00:00,298,369605915941,671
25/05/1979 00:00:00,298,369605915941,562
26/05/1979 00:00:00,298,369605915941,467
27/05/1979 00:00:00,298,369605915941,491
28/05/1979 00:00:00,298,369605915941,442
29/05/1979 00:00:00,298,369605915941,465
30/05/1979 00:00:00,298,369605915941,447
31/05/1979 00:00:00,298,369605915941,409
01/06/1979 00:00:00,298,369605915941,439
02/06/1979 00:00:00,298,369605915941,400
03/06/1979 00:00:00,298,369605915941,366
04/06/1979 00:00:00,298,369605915941,327
05/06/1979 00:00:00,298,369605915941,301
06/06/1979 00:00:00,298,369605915941,291
07/06/1979 00:00:00,298,369605915941,290
08/06/1979 00:00:00,298,369605915941,271
09/06/1979 00:00:00,298,369605915941,251
10/06/1979 00:00:00,298,369605915941,238
11/06/1979 00:00:00,298,369605915941,257
12/06/1979 00:00:00,298,369605915941,263
13/06/1979 00:00:00,298,369605915941,257
14/06/1979 00:00:00,298,369605915941,256
15/06/1979 00:00:00,298,369605915941,294
16/06/1979 00:00:00,298,369605915941,292
17/06/1979 00:00:00,298,369605915941,260
18/06/1979 00:00:00,298,369605915941,233
19/06/1979 00:00:00,298,369605915941,216
20/06/1979 00:00:00,298,369605915941,201
21/06/1979 00:00:00,298,369605915941,188
22/06/1979 00:00:00,298,369605915941,184
23/06/1979 00:00:00,298,369605915941,177
24/06/1979 00:00:00,298,369605915941,179
25/06/1979 00:00:00,298,369605915941,182
26/06/1979 00:00:00,298,369605915941,182
27/06/1979 00:00:00,298,369605915941,201
28/06/1979 00:00:00,298,369605915941,211
29/06/1979 00:00:00,298,369605915941,193
30/06/1979 00:00:00,298,369605915941,179
01/07/1979 00:00:00,298,369605915941,166
02/07/1979 00:00:00,298,369605915941,154
03/07/1979 00:00:00,298,369605915941,146
04/07/1979 00:00:00,298,369605915941,139
05/07/1979 00:00:00,298,369605915941,134
06/07/1979 00:00:00,298,369605915941,124
07/07/1979 00:00:00,298,369605915941,116
08/07/1979 00:00:00,298,369605915941,129
09/07/1979 00:00:00,298,369605915941,136
10/07/1979 00:00:00,298,369605915941,135
11/07/1979 00:00:00,298,369605915941,130
12/07/1979 00:00:00,298,369605915941,121
13/07/1979 00:00:00,298,369605915941,119
14/07/1979 00:00:00,298,369605915941,117
15/07/1979 00:00:00,298,369605915941,126
16/07/1979 00:00:00,298,369605915941,157
17/07/1979 00:00:00,298,369605915941,175
18/07/1979 00:00:00,298,369605915941,161
19/07/1979 00:00:00,298,369605915941,150
20/07/1979 00:00:00,298,369605915941,135
21/07/1979 00:00:00,298,369605915941,124
22/07/1979 00:00:00,298,369605915941,114
23/07/1979 00:00:00,298,369605915941,109
24/07/1979 00:00:00,298,369605915941,106
25/07/1979 00:00:00,298,369605915941,107
26/07/1979 00:00:00,298,369605915941,113
27/07/1979 00:00:00,298,369605915941,113
28/07/1979 00:00:00,298,369605915941,110
29/07/1979 00:00:00,298,369605915941,105
30/07/1979 00:00:00,298,369605915941,99
31/07/1979 00:00:00,298,369605915941,95
01/08/1979 00:00:00,298,369605915941,96
02/08/1979 00:00:00,298,369605915941,89
03/08/1979 00:00:00,298,369605915941,88
04/08/1979 00:00:00,298,369605915941,86
05/08/1979 00:00:00,298,369605915941,85
06/08/1979 00:00:00,298,369605915941,83
07/08/1979 00:00:00,298,369605915941,81
08/08/1979 00:00:00,298,369605915941,82
09/08/1979 00:00:00,298,369605915941,84
10/08/1979 00:00:00,298,369605915941,88
11/08/1979 00:00:00,298,369605915941,119
12/08/1979 00:00:00,298,369605915941,118
13/08/1979 00:00:00,298,369605915941,107
14/08/1979 00:00:00,298,369605915941,99
15/08/1979 00:00:00,298,369605915941,92
16/08/1979 00:00:00,298,369605915941,89
17/08/1979 00:00:00,298,369605915941,90
18/08/1979 00:00:00,298,369605915941,118
19/08/1979 00:00:00,298,369605915941,153
20/08/1979 00:00:00,298,369605915941,127
21/08/1979 00:00:00,298,369605915941,112
22/08/1979 00:00:00,298,369605915941,103
23/08/1979 00:00:00,298,369605915941,97
24/08/1979 00:00:00,298,369605915941,121
25/08/1979 00:00:00,298,369605915941,127
26/08/1979 00:00:00,298,369605915941,202
27/08/1979 00:00:00,298,369605915941,244
28/08/1979 00:00:00,298,369605915941,201
29/08/1979 00:00:00,298,369605915941,164
30/08/1979 00:00:00,298,369605915941,142
31/08/1979 00:00:00,298,369605915941,130
01/09/1979 00:00:00,298,369605915941,120
02/09/1979 00:00:00,298,369605915941,111
03/09/1979 00:00:00,298,369605915941,110
04/09/1979 00:00:00,298,369605915941,114
05/09/1979 00:00:00,298,369605915941,108
06/09/1979 00:00:00,298,369605915941,100
07/09/1979 00:00:00,298,369605915941,93
08/09/1979 00:00:00,298,369605915941,111
09/09/1979 00:00:00,298,369605915941,139
10/09/1979 00:00:00,298,369605915941,161
11/09/1979 00:00:00,298,369605915941,135
12/09/1979 00:00:00,298,369605915941,129
13/09/1979 00:00:00,298,369605915941,115
14/09/1979 00:00:00,298,369605915941,108
15/09/1979 00:00:00,298,369605915941,104
16/09/1979 00:00:00,298,369605915941,98
17/09/1979 00:00:00,298,369605915941,90
18/09/1979 00:00:00,298,369605915941,90
19/09/1979 00:00:00,298,369605915941,97
20/09/1979 00:00:00,298,369605915941,102
21/09/1979 00:00:00,298,369605915941,100
22/09/1979 00:00:00,298,369605915941,96
23/09/1979 00:00:00,298,369605915941,96
24/09/1979 00:00:00,298,369605915941,92
25/09/1979 00:00:00,298,369605915941,89
26/09/1979 00:00:00,298,369605915941,92
27/09/1979 00:00:00,298,369605915941,103
28/09/1979 00:00:00,298,369605915941,108
29/09/1979 00:00:00,298,369605915941,96
30/09/1979 00:00:00,298,369605915941,127
01/10/1979 00:00:00,298,369605915941,190
02/10/1979 00:00:00,298,369605915941,190
03/10/1979 00:00:00,298,369605915941,160
04/10/1979 00:00:00,298,369605915941,134
05/10/1979 00:00:00,298,369605915941,115
06/10/1979 00:00:00,298,369605915941,104
07/10/1979 00:00:00,298,369605915941,97
08/10/1979 00:00:00,298,369605915941,93
09/10/1979 00:00:00,298,369605915941,88
10/10/1979 00:00:00,298,369605915941,86
11/10/1979 00:00:00,298,369605915941,84
12/10/1979 00:00:00,298,369605915941,81
13/10/1979 00:00:00,298,369605915941,81
14/10/1979 00:00:00,298,369605915941,78
15/10/1979 00:00:00,298,369605915941,79
16/10/1979 00:00:00,298,369605915941,76
17/10/1979 00:00:00,298,369605915941,78
18/10/1979 00:00:00,298,369605915941,81
19/10/1979 00:00:00,298,369605915941,82
20/10/1979 00:00:00,298,369605915941,84
21/10/1979 00:00:00,298,369605915941,90
22/10/1979 00:00:00,298,369605915941,96
23/10/1979 00:00:00,298,369605915941,121
24/10/1979 00:00:00,298,369605915941,150
25/10/1979 00:00:00,298,369605915941,183
26/10/1979 00:00:00,298,369605915941,205
27/10/1979 00:00:00,298,369605915941,202
28/10/1979 00:00:00,298,369605915941,198
29/10/1979 00:00:00,298,369605915941,237
30/10/1979 00:00:00,298,369605915941,270
31/10/1979 00:00:00,298,369605915941,247
01/11/1979 00:00:00,298,369605915941,214
02/11/1979 00:00:00,298,369605915941,196
03/11/1979 00:00:00,298,369605915941,179
04/11/1979 00:00:00,298,369605915941,185
05/11/1979 00:00:00,298,369605915941,390
06/11/1979 00:00:00,298,369605915941,575
07/11/1979 00:00:00,298,369605915941,570
08/11/1979 00:00:00,298,369605915941,448
09/11/1979 00:00:00,298,369605915941,344
10/11/1979 00:00:00,298,369605915941,292
11/11/1979 00:00:00,298,369605915941,255
12/11/1979 00:00:00,298,369605915941,225
13/11/1979 00:00:00,298,369605915941,232
14/11/1979 00:00:00,298,369605915941,263
15/11/1979 00:00:00,298,369605915941,269
16/11/1979 00:00:00,298,369605915941,248
17/11/1979 00:00:00,298,369605915941,235
18/11/1979 00:00:00,298,369605915941,296
19/11/1979 00:00:00,298,369605915941,367
20/11/1979 00:00:00,298,369605915941,349
21/11/1979 00:00:00,298,369605915941,303
22/11/1979 00:00:00,298,369605915941,259
23/11/1979 00:00:00,298,369605915941,248
24/11/1979 00:00:00,298,369605915941,249
25/11/1979 00:00:00,298,369605915941,250
26/11/1979 00:00:00,298,369605915941,279
27/11/1979 00:00:00,298,369605915941,301
28/11/1979 00:00:00,298,369605915941,293
29/11/1979 00:00:00,298,369605915941,261
30/11/1979 00:00:00,298,369605915941,241
01/12/1979 00:00:00,298,369605915941,242
02/12/1979 00:00:00,298,369605915941,225
03/12/1979 00:00:00,298,369605915941,209
04/12/1979 00:00:00,298,369605915941,206
05/12/1979 00:00:00,298,369605915941,216
06/12/1979 00:00:00,298,369605915941,225
07/12/1979 00:00:00,298,369605915941,227
08/12/1979 00:00:00,298,369605915941,249
09/12/1979 00:00:00,298,369605915941,386
10/12/1979 00:00:00,298,369605915941,816
11/12/1979 00:00:00,298,369605915941,1070
12/12/1979 00:00:00,298,369605915941,963
13/12/1979 00:00:00,298,369605915941,814
14/12/1979 00:00:00,298,369605915941,689
15/12/1979 00:00:00,298,369605915941,611
16/12/1979 00:00:00,298,369605915941,519
17/12/1979 00:00:00,298,369605915941,404
18/12/1979 00:00:00,298,369605915941,370
19/12/1979 00:00:00,298,369605915941,335
20/12/1979 00:00:00,298,369605915941,320
21/12/1979 00:00:00,298,369605915941,300
22/12/1979 00:00:00,298,369605915941,310
23/12/1979 00:00:00,298,369605915941,330
24/12/1979 00:00:00,298,369605915941,340
25/12/1979 00:00:00,298,369605915941,380
26/12/1979 00:00:00,298,369605915941,360
27/12/1979 00:00:00,298,369605915941,340
28/12/1979 00:00:00,298,369605915941,450
29/12/1979 00:00:00,298,369605915941,550
30/12/1979 00:00:00,298,369605915941,440
31/12/1979 00:00:00,298,369605915941,380
01/01/1980 00:00:00,298,369605915941,340
02/01/1980 00:00:00,298,369605915941,265
03/01/1980 00:00:00,298,369605915941,245
04/01/1980 00:00:00,298,369605915941,243
05/01/1980 00:00:00,298,369605915941,240
06/01/1980 00:00:00,298,369605915941,244
07/01/1980 00:00:00,298,369605915941,269
08/01/1980 00:00:00,298,369605915941,421
09/01/1980 00:00:00,298,369605915941,788
10/01/1980 00:00:00,298,369605915941,1580
11/01/1980 00:00:00,298,369605915941,1870
12/01/1980 00:00:00,298,369605915941,1210
13/01/1980 00:00:00,298,369605915941,799
14/01/1980 00:00:00,298,369605915941,595
15/01/1980 00:00:00,298,369605915941,493
